country,reach,employment,temp_contract,autonomy_selection,autonomy_emphasis,ethics_1,ethics_2,ethics_3,ethics_4,work_experience,trust_parliament,trust_government,trust_parties,trust_politicians
Germany,National,Full-time,Permanent,5,4,2,3,2,1,10,3,3,3,3
Germany,National,Full-time,Permanent,3,4,1,2,2,1,7,4,4,3,3
Switzerland,Regional,Full-time,Permanent,4,4,2,4,2,1,6,4,4,3,3
Switzerland,Local,Part-time,Permanent,4,5,1,3,1,2,7,4,4,3,3
Austria,National,Part-time,Permanent,4,4,2,3,2,1,15,3,2,2,2
Switzerland,Local,Freelancer,NA,4,4,2,4,4,3,27,4,4,3,2
Germany,Local,Full-time,Permanent,4,4,1,3,2,2,24,2,1,3,2
Denmark,National,Full-time,Permanent,3,3,2,4,4,4,11,4,3,3,3
Switzerland,Local,Full-time,Permanent,5,5,1,2,1,3,25,1,1,1,1
Denmark,National,Full-time,Permanent,2,4,1,4,4,4,4,3,3,3,3
Austria,Local,Full-time,Permanent,5,5,1,1,2,1,8,3,2,2,2
Denmark,National,Freelancer,NA,4,4,2,4,2,4,25,3,3,3,3
UK,Regional,Full-time,Permanent,3,4,1,2,4,2,10,3,2,2,2
UK,Transnational,Full-time,Permanent,4,5,2,4,4,4,5,3,2,2,2
Austria,National,Full-time,Permanent,3,3,1,4,4,4,23,3,2,2,1
Denmark,National,Freelancer,NA,5,5,3,4,3,3,25,4,2,3,3
UK,Transnational,Full-time,Permanent,4,4,1,4,2,3,11,2,3,2,2
Switzerland,Regional,Full-time,Permanent,4,4,2,4,3,4,8,3,3,3,3
Switzerland,National,Part-time,Permanent,4,4,1,1,1,2,32,3,4,3,3
Denmark,National,Full-time,Permanent,4,4,1,4,2,5,21,3,3,2,3
Switzerland,Regional,Full-time,Permanent,3,4,1,1,2,1,13,3,3,3,3
Denmark,National,Full-time,Permanent,3,2,1,2,3,4,19,2,2,2,2
Denmark,National,Full-time,Permanent,2,3,2,4,4,4,9,3,3,2,3
UK,Transnational,Freelancer,NA,4,4,1,3,3,4,29,4,4,4,4
Austria,National,Full-time,Permanent,4,4,1,3,2,1,30,3,3,2,2
Germany,Local,Full-time,Permanent,5,5,1,4,2,3,20,4,3,4,3
Germany,Regional,Freelancer,NA,2,4,1,4,1,1,20,3,3,1,2
Switzerland,Regional,Full-time,Permanent,4,5,1,5,4,1,20,2,2,2,1
Austria,Regional,Full-time,Permanent,4,4,1,3,5,1,30,3,3,3,2
Denmark,National,Freelancer,NA,4,4,1,1,1,1,35,3,3,3,3
Denmark,National,Full-time,Permanent,4,5,2,2,1,4,25,3,3,3,3
Denmark,National,Full-time,Temporary,4,3,4,5,2,4,2,3,3,2,3
Denmark,Local,Full-time,Permanent,4,4,1,4,4,3,8,4,4,4,4
Denmark,National,Full-time,Permanent,3,4,5,2,1,1,23,3,2,2,2
Denmark,National,Full-time,Permanent,4,4,4,2,2,4,29,3,3,3,3
Denmark,National,Freelancer,NA,2,3,2,1,4,2,23,4,2,2,2
Denmark,National,Freelancer,NA,4,3,3,4,3,4,4,2,2,2,3
Denmark,National,Full-time,Permanent,5,5,2,3,2,2,5,3,2,2,2
Germany,National,Full-time,Permanent,3,4,2,2,2,2,15,3,2,2,2
Denmark,National,Part-time,Permanent,5,5,1,1,3,1,18,1,3,3,3
UK,National,Full-time,Permanent,3,3,2,4,2,2,6,3,3,2,3
Germany,Regional,Full-time,Permanent,4,4,2,3,3,1,7,4,3,3,3
Switzerland,Local,Full-time,Permanent,5,5,1,3,3,3,1,3,3,2,2
Germany,Local,Full-time,Permanent,5,5,1,2,2,2,35,4,4,3,2
UK,Regional,Full-time,Permanent,3,4,2,4,2,4,30,3,3,2,2
Switzerland,National,Full-time,Permanent,4,4,1,1,1,2,18,3,4,2,2
Austria,National,Freelancer,NA,5,5,1,2,2,2,40,3,3,3,3
UK,Transnational,Full-time,Permanent,4,4,2,4,4,4,5,2,2,3,3
Denmark,Regional,Freelancer,NA,4,4,3,3,3,3,53,4,1,3,3
Denmark,Regional,Full-time,Permanent,4,5,1,4,4,4,35,5,4,3,3
Germany,National,Part-time,Permanent,4,4,1,4,2,2,40,2,1,2,2
Denmark,Regional,Freelancer,NA,3,4,2,4,2,4,30,2,2,2,2
Denmark,National,Full-time,Permanent,4,5,1,1,2,1,25,4,3,2,3
Switzerland,National,Part-time,Permanent,4,5,2,4,1,1,16,3,3,2,2
Denmark,Regional,Full-time,Permanent,5,5,1,2,1,1,24,5,3,2,3
Germany,Regional,Full-time,Permanent,4,5,1,3,3,2,35,3,2,2,2
UK,Regional,Full-time,Permanent,4,5,1,1,1,1,25,5,3,3,3
Denmark,National,Full-time,Permanent,5,5,1,2,2,1,16,4,2,2,1
Switzerland,National,Full-time,Permanent,3,4,1,1,2,2,8,3,3,3,3
Germany,Local,Full-time,Permanent,4,4,1,5,2,3,30,4,4,3,3
Denmark,Regional,Full-time,Permanent,4,4,2,4,4,1,23,3,3,2,3
UK,Local,Full-time,Permanent,2,3,1,3,4,3,15,3,1,2,2
Denmark,National,Full-time,Permanent,4,5,2,4,2,2,13,3,3,3,3
Switzerland,Regional,Full-time,Permanent,3,3,1,2,1,1,3,3,3,4,3
UK,Regional,Full-time,Permanent,4,4,1,5,4,1,12,3,3,3,3
UK,National,Full-time,Permanent,4,4,1,4,2,3,5,3,3,3,3
Germany,Local,Full-time,Permanent,4,5,1,3,2,1,10,4,4,4,3
Denmark,Regional,Full-time,Permanent,4,4,2,5,4,3,15,3,2,2,2
UK,National,Full-time,Permanent,3,3,1,4,1,1,38,3,2,3,3
Denmark,Local,Full-time,Permanent,3,3,1,4,2,4,7,2,4,2,2
Germany,Regional,Freelancer,NA,3,2,1,4,3,2,14,4,4,3,3
Switzerland,Regional,Full-time,Permanent,5,5,1,3,2,2,2,4,4,3,3
Austria,Regional,Full-time,Permanent,5,4,1,1,3,1,9,3,3,3,3
UK,National,Full-time,Permanent,4,4,1,1,1,1,23,2,2,2,2
Denmark,National,Freelancer,NA,4,4,1,2,4,2,31,3,3,3,2
UK,Regional,Full-time,Permanent,4,5,2,5,4,4,8,4,4,3,3
Austria,National,Full-time,Permanent,5,5,1,5,2,2,19,2,2,2,2
Switzerland,Regional,Full-time,Permanent,4,4,1,4,1,3,25,3,3,2,3
UK,Regional,Full-time,Permanent,4,4,1,3,3,2,12,3,3,3,3
Switzerland,Regional,Full-time,Temporary,4,4,2,4,2,3,4,4,4,3,3
Germany,Regional,Full-time,Permanent,5,5,1,4,3,1,20,4,3,3,3
Denmark,National,Full-time,Permanent,4,4,1,1,1,3,38,2,2,2,2
Denmark,National,Full-time,Permanent,4,4,2,2,2,5,3,3,2,2,2
Switzerland,Regional,Freelancer,NA,2,3,2,3,4,3,10,3,3,2,3
UK,National,Full-time,Permanent,3,4,3,4,2,4,15,2,2,2,2
Denmark,Regional,Full-time,Temporary,2,2,1,2,2,4,3,3,2,1,2
Denmark,National,Full-time,Permanent,3,4,3,4,3,4,16,3,3,3,3
Denmark,National,Full-time,Permanent,4,4,2,2,1,4,24,4,3,3,4
Austria,National,Full-time,Permanent,4,4,3,4,4,3,8,4,3,2,2
Denmark,National,Freelancer,NA,3,4,2,5,3,2,3,3,2,2,2
UK,National,Full-time,Permanent,3,3,2,5,5,1,15,2,2,2,2
UK,Transnational,Full-time,Permanent,4,5,1,4,4,4,NA,5,4,3,3
Denmark,Regional,Full-time,Temporary,3,3,2,3,2,2,10,2,2,2,2
Austria,National,Full-time,Permanent,3,4,1,4,3,2,12,3,3,3,3
Switzerland,National,Full-time,Temporary,4,4,1,4,3,3,4,2,3,2,2
Denmark,Regional,Full-time,Permanent,4,4,4,4,4,3,27,3,3,3,3
Denmark,Local,Full-time,Permanent,4,4,1,1,1,1,19,3,2,2,2
UK,Transnational,Full-time,Permanent,4,4,2,5,4,4,10,2,2,1,1
Denmark,National,Freelancer,NA,4,5,2,2,1,4,21,2,2,2,2
Denmark,National,Full-time,Permanent,3,4,1,2,1,2,15,3,3,3,3
UK,National,Full-time,Permanent,4,5,1,4,2,2,26,3,3,2,3
Germany,Regional,Freelancer,NA,5,4,1,1,1,1,10,3,2,2,3
UK,Transnational,Full-time,Permanent,3,4,1,4,2,2,NA,2,3,2,3
Germany,Regional,Full-time,Permanent,5,5,1,1,1,1,13,2,2,2,2
Germany,Local,Full-time,Permanent,4,3,1,4,1,2,10,2,2,2,2
Denmark,Regional,Full-time,Permanent,5,5,2,4,4,4,4,2,1,1,1
Austria,National,Part-time,Permanent,4,4,1,2,2,2,25,3,3,3,3
Denmark,National,Full-time,Permanent,4,3,1,1,1,4,30,3,4,3,2
Switzerland,National,Full-time,Permanent,1,1,2,4,3,3,6,3,4,2,3
Austria,Regional,Full-time,Permanent,3,4,1,3,4,2,NA,3,3,3,3
Denmark,National,Full-time,Permanent,4,4,3,4,3,3,3,3,3,2,2
Switzerland,Local,Full-time,Permanent,4,4,1,4,2,3,20,2,2,2,2
Germany,Local,Full-time,Permanent,5,5,1,2,1,2,18,3,2,2,1
Switzerland,National,Full-time,Temporary,5,5,1,5,4,1,1,3,3,3,3
Germany,Regional,Full-time,Permanent,4,4,1,1,1,1,40,3,2,2,2
UK,National,Full-time,Permanent,3,3,2,5,4,5,12,4,4,3,3
Austria,National,Full-time,Permanent,4,4,1,2,1,1,29,3,2,2,2
Austria,National,Part-time,Permanent,4,3,1,3,2,1,30,3,3,2,2
Denmark,National,Full-time,Permanent,4,4,2,3,2,2,9,3,3,3,3
UK,Transnational,Full-time,Permanent,5,5,1,5,5,1,20,3,3,2,2
Denmark,National,Full-time,Permanent,4,4,3,3,1,4,10,3,3,3,3
UK,Transnational,Full-time,Permanent,4,2,1,4,1,2,10,2,3,2,1
Denmark,Regional,Full-time,Permanent,4,4,2,1,1,5,27,4,3,3,2
Germany,Local,Full-time,Permanent,5,5,1,5,2,4,35,4,3,3,3
UK,National,Freelancer,NA,5,5,1,4,2,2,29,3,2,1,2
Austria,National,Part-time,Permanent,4,5,1,3,3,3,42,3,3,3,2
Switzerland,Regional,Full-time,Permanent,4,4,1,5,1,2,7,3,3,3,3
Switzerland,National,Part-time,Permanent,4,3,2,5,3,2,2,3,4,3,3
Switzerland,National,Full-time,Permanent,4,4,1,2,1,3,34,4,3,2,3
Austria,Regional,Full-time,Permanent,5,4,3,4,4,1,19,3,2,3,2
UK,Transnational,Part-time,Permanent,5,5,1,1,1,1,50,3,4,4,3
Switzerland,Transnational,Full-time,Permanent,4,5,1,3,3,1,32,2,2,2,2
Switzerland,National,Part-time,NA,3,3,1,4,2,3,14,2,3,3,3
Denmark,National,Full-time,Permanent,3,4,2,2,2,4,18,3,3,3,3
Austria,Regional,Full-time,Permanent,4,5,2,1,2,1,29,3,3,2,3
Switzerland,National,Full-time,Permanent,3,5,1,3,1,1,5,5,5,2,2
Denmark,National,Full-time,Permanent,5,5,1,1,1,1,17,1,1,1,1
UK,Transnational,Full-time,Permanent,5,5,1,1,1,1,15,3,3,2,3
Switzerland,Local,Full-time,Permanent,4,5,1,4,1,2,5,4,4,3,3
Denmark,National,Full-time,Permanent,3,4,2,5,4,4,10,1,1,1,1
Austria,Regional,Part-time,Permanent,4,4,1,3,4,4,20,3,4,3,3
Austria,Regional,Full-time,Permanent,4,4,5,2,4,2,13,5,4,3,3
Denmark,National,Full-time,NA,4,5,1,1,5,3,13,4,4,2,3
Denmark,Local,Part-time,Permanent,4,4,1,4,4,3,4,2,2,2,2
Switzerland,National,Full-time,Permanent,4,3,1,3,3,3,1,4,4,4,4
Austria,National,Full-time,Permanent,3,4,1,3,2,2,23,4,4,3,3
Denmark,Regional,Full-time,Permanent,5,4,2,4,3,3,21,3,3,2,3
Denmark,Regional,Full-time,Permanent,4,5,1,4,4,2,19,3,1,2,2
Germany,National,Full-time,Permanent,5,5,1,5,3,3,40,3,3,2,2
UK,Transnational,Full-time,Permanent,5,5,1,1,1,1,20,3,2,2,2
Denmark,National,Full-time,Permanent,3,3,2,2,3,5,29,3,3,3,3
Denmark,National,Full-time,NA,3,3,2,5,2,5,30,4,3,2,3
UK,National,Full-time,Permanent,2,4,2,2,1,4,32,3,3,3,3
Switzerland,National,Full-time,Temporary,4,4,1,5,2,1,1,4,4,4,3
Denmark,National,Full-time,Permanent,3,4,2,2,1,4,16,3,3,3,3
UK,National,Full-time,Permanent,3,4,1,5,4,3,3,3,3,3,3
Switzerland,National,Full-time,Permanent,3,4,3,4,2,3,15,2,3,2,2
Austria,National,Full-time,Permanent,4,4,1,3,2,2,12,2,2,2,2
Denmark,Regional,Full-time,Permanent,4,4,1,2,4,2,23,3,2,1,2
Austria,Regional,Full-time,Permanent,5,5,2,4,2,4,30,4,3,3,3
Germany,Regional,Full-time,Permanent,5,5,1,4,2,1,33,4,4,2,3
Switzerland,National,Freelancer,NA,4,4,2,4,2,3,15,4,4,3,3
Denmark,Local,Full-time,Permanent,3,3,2,2,2,4,16,1,1,1,1
Denmark,National,Freelancer,NA,4,4,1,2,4,4,8,2,1,1,1
Switzerland,National,Full-time,Permanent,4,4,1,4,2,1,10,3,4,2,2
Denmark,National,Freelancer,NA,1,1,5,5,4,5,31,2,1,2,2
Denmark,National,Full-time,Temporary,3,4,5,5,3,5,1,3,2,3,2
Denmark,National,Freelancer,NA,4,4,2,1,1,2,15,4,3,3,3
Switzerland,Regional,Full-time,Permanent,5,5,1,1,2,3,4,3,3,3,2
Austria,National,Full-time,Permanent,4,4,2,4,3,3,23,3,2,2,2
Austria,Regional,Part-time,Permanent,4,4,2,4,3,2,27,4,4,3,3
UK,Regional,Full-time,Permanent,3,3,2,4,2,3,28,3,3,3,3
Denmark,National,Full-time,NA,4,5,1,4,2,3,5,4,4,4,4
Austria,National,Freelancer,NA,4,5,1,4,3,2,19,4,2,2,3
Germany,National,Full-time,Permanent,1,1,1,3,1,1,10,3,3,3,3
Denmark,National,Freelancer,NA,2,2,2,2,3,2,20,2,2,2,2
UK,Transnational,Full-time,Permanent,4,4,2,5,4,3,7,2,2,2,2
Austria,National,Freelancer,NA,3,3,1,4,3,3,8,1,1,1,1
Denmark,Regional,Full-time,Permanent,3,3,1,2,1,4,25,4,2,2,2
Switzerland,Local,Full-time,Permanent,4,5,2,4,2,3,10,3,3,4,3
Denmark,National,Full-time,Permanent,4,4,2,4,2,5,3,4,3,3,3
Austria,Regional,Full-time,Permanent,4,4,1,3,2,2,1,2,2,2,2
Austria,National,Full-time,Permanent,4,4,1,3,1,1,15,2,2,2,2
Denmark,National,Full-time,Permanent,5,5,1,3,2,2,33,4,2,3,3
Austria,National,Part-time,Permanent,4,4,1,2,2,1,23,3,3,3,3
Austria,National,Full-time,Permanent,4,4,1,4,3,1,13,4,2,2,3
UK,Local,Full-time,Permanent,4,4,1,1,1,1,35,3,3,3,3
Denmark,Local,Full-time,Permanent,4,4,2,4,4,2,4,3,4,3,3
UK,National,Full-time,Permanent,5,5,1,4,3,2,15,2,2,2,2
Germany,Regional,Full-time,Temporary,5,5,2,3,1,2,30,3,3,2,1
Denmark,National,Full-time,Permanent,2,4,1,2,2,2,9,3,1,1,1
Germany,Regional,Full-time,Permanent,4,5,1,2,2,1,32,2,1,2,2
Austria,Regional,Full-time,Permanent,5,5,2,4,4,4,28,3,3,2,2
Austria,National,Full-time,Permanent,5,5,1,2,2,1,32,3,3,3,3
Austria,National,Full-time,Permanent,4,5,1,4,3,3,12,2,2,2,2
Switzerland,National,Full-time,Permanent,5,5,1,3,2,2,10,3,3,3,3
Denmark,Regional,Full-time,Permanent,3,2,2,4,2,4,16,3,3,4,4
Denmark,National,Full-time,Permanent,4,3,1,1,1,1,10,4,3,2,2
UK,National,Freelancer,NA,4,4,1,4,4,3,20,3,1,2,3
Germany,Regional,Full-time,Permanent,4,5,2,3,3,3,30,3,3,3,3
Germany,National,Full-time,Permanent,4,5,1,4,3,1,16,3,3,3,3
Germany,Regional,Full-time,Permanent,4,4,1,4,3,2,20,4,4,3,3
Austria,Transnational,Full-time,Permanent,3,5,2,4,3,2,16,4,3,3,3
Austria,National,Part-time,Permanent,4,5,1,1,2,1,18,3,2,1,1
Denmark,National,Full-time,NA,4,4,2,4,4,5,28,3,2,2,2
UK,National,Full-time,Permanent,3,3,1,3,4,2,30,3,3,3,3
Switzerland,Regional,Part-time,Permanent,4,4,2,5,2,4,7,3,4,3,3
Denmark,National,Freelancer,NA,4,4,3,4,3,3,15,2,2,2,2
Switzerland,Regional,Full-time,Permanent,4,4,1,3,2,5,8,3,3,3,2
Germany,Local,Full-time,Permanent,5,5,1,4,2,2,30,3,3,1,1
Switzerland,National,Full-time,Permanent,4,5,3,4,4,4,17,3,3,3,3
Denmark,National,Full-time,NA,4,4,3,3,2,4,19,2,2,2,2
Denmark,National,Full-time,Permanent,2,3,5,5,1,5,18,3,3,1,3
Denmark,National,Full-time,Permanent,4,4,1,5,4,4,7,2,2,2,2
Switzerland,National,Full-time,Permanent,4,4,2,3,4,3,13,2,3,1,1
UK,Regional,Full-time,Permanent,4,3,2,5,3,5,6,3,2,3,3
UK,Regional,Part-time,Permanent,4,4,1,4,4,4,20,1,1,1,1
Denmark,National,Full-time,Temporary,2,3,3,4,2,4,7,4,3,3,3
Switzerland,Regional,Full-time,Permanent,4,4,1,4,2,2,18,3,3,3,3
UK,Transnational,Full-time,Permanent,3,4,1,2,4,2,17,3,3,3,3
Denmark,National,Full-time,Permanent,4,5,2,2,1,5,4,3,2,1,3
Austria,National,Full-time,Permanent,4,4,1,4,4,4,20,3,2,2,2
UK,Transnational,Full-time,Permanent,4,5,2,5,4,2,25,2,2,1,1
Switzerland,Regional,Full-time,Permanent,4,4,2,4,2,2,13,4,4,3,3
UK,National,Freelancer,NA,4,2,1,2,4,3,10,3,3,3,3
UK,National,Full-time,Permanent,4,4,1,2,2,3,13,2,3,2,3
Switzerland,Regional,Full-time,Permanent,4,4,2,2,2,2,35,3,3,1,2
Germany,National,Full-time,Permanent,4,4,2,4,2,2,25,3,1,2,3
UK,National,Freelancer,NA,4,3,2,2,2,3,12,1,1,1,1
Austria,National,Full-time,Permanent,4,4,2,3,2,2,8,3,3,2,2
Austria,Regional,Full-time,Permanent,4,5,2,4,2,2,13,2,2,2,2
Switzerland,National,Full-time,Permanent,4,3,1,4,2,2,8,3,3,2,2
Austria,National,Freelancer,NA,3,4,1,2,2,3,1,3,2,2,2
Switzerland,Regional,Full-time,Permanent,4,4,2,3,4,4,2,3,4,3,3
Switzerland,National,Part-time,Permanent,3,3,1,3,1,1,20,2,3,2,2
UK,Transnational,Full-time,Permanent,4,5,2,5,5,5,17,3,2,2,2
Denmark,National,Freelancer,NA,5,4,2,4,2,4,5,2,2,2,2
Germany,Regional,Full-time,Permanent,4,4,1,2,1,4,24,4,3,3,3
Denmark,Regional,Full-time,Permanent,4,4,2,3,2,2,30,3,3,2,3
Austria,National,Full-time,Permanent,4,4,1,2,1,2,2,3,1,2,1
Germany,Regional,Full-time,Permanent,5,5,1,1,1,1,17,4,3,3,3
Denmark,National,Full-time,Permanent,3,4,2,2,1,4,5,3,3,2,2
Switzerland,National,Part-time,Permanent,4,4,3,3,3,3,15,2,2,2,2
Denmark,National,Full-time,Permanent,4,3,1,4,2,2,19,4,3,3,3
Denmark,National,Freelancer,NA,4,4,2,4,3,4,6,3,2,2,2
Denmark,National,Freelancer,NA,4,4,1,5,4,1,40,3,3,1,1
Denmark,National,Full-time,Permanent,4,4,4,2,1,4,15,3,2,2,2
UK,National,Full-time,Permanent,3,4,4,4,4,5,9,4,4,4,4
Switzerland,Local,Full-time,Permanent,4,4,1,2,2,2,14,2,2,2,2
Denmark,National,Full-time,Temporary,5,4,2,2,1,2,3,3,2,2,2
Denmark,National,Full-time,Permanent,3,4,1,2,4,4,16,3,2,2,3
Austria,National,Part-time,NA,4,5,1,1,1,1,14,4,3,2,2
Switzerland,Regional,Part-time,Permanent,4,4,1,5,2,4,10,4,4,3,4
Germany,National,Freelancer,NA,1,3,1,4,4,2,17,4,4,2,2
Austria,National,Part-time,Permanent,4,4,1,4,2,1,13,4,3,3,3
Austria,National,Full-time,Permanent,3,4,2,4,2,3,17,3,2,1,1
UK,Regional,Full-time,Permanent,4,4,1,2,2,4,20,3,2,2,2
Germany,Regional,Full-time,Permanent,5,5,3,1,1,3,27,4,4,3,3
Denmark,Regional,Full-time,Permanent,4,4,3,3,2,4,42,3,3,3,3
Switzerland,Local,Full-time,Permanent,4,4,2,4,3,3,24,3,3,3,2
Austria,Regional,Full-time,Permanent,3,4,1,5,3,2,16,3,3,2,2
Austria,National,Full-time,Permanent,3,3,2,4,2,1,10,4,3,3,2
UK,Transnational,Full-time,Permanent,5,4,1,4,2,3,10,3,2,2,2
UK,Transnational,Full-time,Permanent,5,4,2,1,2,4,22,4,4,3,3
UK,Regional,Full-time,Permanent,4,5,1,5,2,1,14,4,4,4,3
Switzerland,National,Full-time,Permanent,3,4,1,2,2,1,25,2,2,2,2
Denmark,Regional,Full-time,Permanent,3,3,1,4,2,4,23,3,3,3,3
Germany,National,Full-time,Permanent,4,5,1,1,1,1,33,4,3,3,3
Austria,Regional,Full-time,Permanent,5,4,2,4,3,4,24,3,3,3,3
UK,National,Full-time,Permanent,4,4,2,4,3,4,18,3,3,2,3
Germany,National,Part-time,Permanent,3,4,1,4,3,3,25,3,3,2,2
UK,Transnational,Full-time,Permanent,4,4,1,3,4,4,33,3,3,2,2
Austria,Regional,Full-time,Permanent,3,3,1,4,3,2,17,3,3,2,3
UK,National,Full-time,Permanent,4,3,3,5,2,4,6,3,3,3,3
Denmark,National,Full-time,Permanent,4,3,2,4,1,5,15,2,2,1,1
Denmark,National,Full-time,Permanent,5,5,1,2,2,2,26,3,4,4,3
Denmark,National,Full-time,Permanent,4,5,3,3,3,3,NA,3,3,3,3
Germany,Regional,Full-time,Temporary,4,4,2,4,3,3,1,3,3,3,2
Denmark,National,Freelancer,NA,4,5,4,2,2,4,28,3,2,2,2
Denmark,National,Full-time,Permanent,4,4,1,4,3,3,20,4,3,2,2
Austria,National,Full-time,Permanent,4,4,1,3,2,1,16,3,3,2,2
Austria,Regional,Full-time,Permanent,4,4,1,5,3,2,20,3,3,3,3
Switzerland,Regional,Full-time,Permanent,4,5,3,4,3,3,21,4,4,2,3
Germany,National,Full-time,Permanent,5,5,1,4,3,1,18,5,5,4,4
Denmark,National,Full-time,Temporary,4,4,5,3,1,5,4,2,2,1,1
Denmark,National,Full-time,Permanent,3,3,2,1,3,1,41,2,2,2,2
Denmark,National,Freelancer,NA,3,4,3,2,2,4,43,3,3,2,2
Denmark,National,Full-time,Permanent,2,2,4,4,2,5,5,2,2,1,2
Denmark,National,Full-time,Permanent,1,2,1,3,2,4,35,1,1,1,3
Germany,Regional,Full-time,Permanent,4,4,1,4,2,1,27,3,3,2,2
Austria,National,Full-time,Permanent,3,4,1,3,2,1,17,4,4,3,3
UK,National,Full-time,Permanent,3,4,4,4,4,5,6,2,1,3,3
Denmark,National,Full-time,Permanent,4,4,2,4,2,4,6,3,3,3,3
Switzerland,National,Part-time,Permanent,4,5,2,3,1,3,22,4,4,3,3
Switzerland,Regional,Full-time,Permanent,4,4,1,2,1,1,40,2,2,1,2
Denmark,Local,Full-time,Permanent,4,4,2,2,2,3,10,3,2,2,3
Switzerland,National,Part-time,Permanent,3,3,1,5,2,3,4,3,3,3,3
UK,Transnational,Freelancer,NA,4,4,1,1,1,4,25,3,3,3,3
UK,National,Freelancer,NA,2,3,1,2,2,1,27,2,1,1,1
Denmark,Local,Full-time,Permanent,4,5,1,4,4,1,28,4,4,3,3
Germany,Regional,Freelancer,NA,4,5,1,3,1,1,30,3,3,2,2
Germany,Local,Full-time,Permanent,4,4,1,4,2,3,24,3,3,3,3
Switzerland,Regional,Part-time,Permanent,5,4,2,5,1,3,2,3,2,3,3
UK,Transnational,Full-time,Permanent,5,5,1,1,5,3,25,1,1,1,1
UK,Transnational,Freelancer,NA,5,5,1,2,4,1,16,3,4,3,3
Denmark,National,Full-time,Permanent,4,4,2,4,1,4,10,3,2,2,3
UK,National,Full-time,Permanent,5,5,1,5,2,5,25,1,1,1,1
UK,Local,Full-time,Permanent,5,5,1,4,2,5,24,2,3,2,4
UK,Local,Full-time,Permanent,5,5,1,4,3,3,28,3,3,2,2
Denmark,National,Full-time,Permanent,2,4,1,2,2,3,28,4,3,2,2
Switzerland,National,Part-time,Permanent,4,4,1,2,1,2,23,3,4,2,3
Switzerland,National,Full-time,Permanent,4,4,2,4,2,3,10,4,3,3,4
Denmark,National,Full-time,NA,4,4,5,2,1,1,13,3,3,3,3
UK,Transnational,Full-time,Permanent,5,5,2,4,4,4,35,3,4,2,3
Denmark,National,Full-time,Permanent,4,3,4,4,2,2,5,3,2,2,2
Austria,Regional,Full-time,Permanent,4,4,1,5,3,2,27,2,2,2,2
Switzerland,Local,Full-time,Permanent,4,4,1,5,3,3,20,4,4,4,4
Denmark,National,Full-time,Permanent,4,5,1,3,3,1,NA,1,1,1,1
Denmark,National,Full-time,Permanent,3,4,1,4,3,4,19,3,3,3,3
Denmark,National,Full-time,Permanent,4,4,1,2,2,1,30,3,2,2,2
Denmark,Local,Full-time,Permanent,4,4,4,4,2,4,3,3,3,3,3
Austria,National,Full-time,Permanent,4,4,1,1,1,1,10,3,3,3,3
Denmark,National,Full-time,Permanent,4,5,2,4,2,4,4,3,3,3,3
UK,National,Full-time,Permanent,5,5,1,5,1,4,51,2,3,2,3
Austria,National,Full-time,Permanent,4,3,2,4,3,3,17,4,4,3,3
Germany,Local,Full-time,Permanent,3,4,1,5,2,3,16,3,3,3,3
Switzerland,National,Part-time,Permanent,4,4,2,4,2,2,9,3,4,2,3
Germany,National,Freelancer,NA,NA,NA,1,5,2,3,21,5,5,4,2
Austria,Regional,Full-time,Permanent,3,4,1,5,2,1,8,2,1,1,1
Denmark,National,Freelancer,NA,4,4,5,5,1,5,7,4,3,4,4
Denmark,Regional,Full-time,Permanent,4,4,4,4,2,4,10,2,2,2,2
Austria,Regional,Full-time,Permanent,4,4,1,2,1,1,20,3,3,2,3
Denmark,National,Freelancer,NA,4,4,1,2,1,2,45,3,3,3,3
Austria,National,Full-time,Permanent,3,4,1,3,2,1,30,2,3,2,3
UK,National,Full-time,Permanent,2,2,2,4,3,2,40,3,3,3,3
Denmark,National,Full-time,Temporary,4,4,2,5,2,4,5,2,1,1,2
Switzerland,Regional,Full-time,Permanent,5,5,1,1,2,4,23,3,3,2,2
Denmark,Regional,Freelancer,NA,4,4,3,4,4,5,28,3,3,3,3
Denmark,National,Full-time,Permanent,5,5,2,4,3,4,10,3,3,3,3
Germany,Regional,Full-time,Permanent,3,4,2,2,3,2,15,4,4,3,3
Denmark,National,Freelancer,NA,3,4,1,2,2,4,12,4,4,4,4
Switzerland,Regional,Full-time,Permanent,4,5,1,3,3,1,15,2,1,2,3
Denmark,National,Freelancer,NA,4,4,2,4,4,2,32,4,3,2,3
UK,Transnational,Full-time,Permanent,3,4,2,5,2,5,4,3,3,3,3
Germany,National,Part-time,Permanent,2,4,1,5,1,2,27,3,3,1,3
Denmark,Local,Full-time,Permanent,5,5,3,5,5,4,19,3,3,3,3
Switzerland,Regional,Full-time,Permanent,5,5,1,5,3,1,20,3,4,3,2
Austria,National,Part-time,Permanent,4,5,1,3,2,1,35,4,3,3,3
Denmark,National,Full-time,Temporary,5,5,1,3,2,3,10,2,2,2,2
Switzerland,National,Part-time,Permanent,4,5,3,3,2,2,10,2,2,2,2
Denmark,Regional,Full-time,Permanent,4,3,2,4,2,4,2,4,3,2,3
Denmark,National,Freelancer,NA,2,1,2,4,2,4,9,3,3,3,3
Austria,National,Full-time,Permanent,4,4,1,3,2,1,17,3,3,3,3
Denmark,National,Full-time,Permanent,4,5,2,4,4,4,8,4,3,3,3
Germany,Regional,Freelancer,NA,3,4,3,4,2,4,9,4,3,3,4
Austria,Regional,Full-time,Permanent,4,5,1,3,2,3,NA,2,2,2,1
Germany,National,Full-time,Permanent,3,3,1,2,2,2,10,2,3,2,2
Germany,Regional,Full-time,Permanent,4,4,3,3,2,3,20,3,3,2,3
Denmark,National,Full-time,Permanent,3,3,1,1,2,2,25,3,3,2,3
Denmark,National,Full-time,Permanent,5,5,2,2,2,3,14,2,1,2,2
Denmark,National,Full-time,Permanent,3,3,4,2,2,5,10,4,4,3,3
UK,Regional,Full-time,Permanent,4,4,1,4,2,4,26,4,4,3,2
Austria,Regional,Full-time,Permanent,4,4,2,5,5,4,23,2,2,1,2
Denmark,Local,Full-time,NA,4,3,2,4,2,4,30,2,2,2,2
Denmark,National,Full-time,Permanent,4,4,2,2,2,1,17,4,3,3,3
Switzerland,Transnational,Full-time,Temporary,4,4,2,4,2,2,1,3,3,2,2
Denmark,National,Freelancer,NA,3,3,2,2,2,2,5,2,2,2,2
Austria,National,Full-time,Permanent,3,3,1,3,4,2,31,4,3,2,3
Switzerland,Regional,Part-time,Permanent,3,4,1,4,2,2,8,4,4,2,3
UK,National,Full-time,Permanent,3,3,1,1,1,4,20,3,3,3,3
Denmark,National,Full-time,Permanent,4,4,4,4,4,4,30,4,3,2,3
Denmark,National,Part-time,Permanent,5,5,1,2,1,2,10,1,1,1,1
Austria,National,Full-time,Permanent,4,4,3,3,3,3,8,3,2,3,3
Switzerland,Local,Freelancer,NA,4,4,2,4,2,5,3,4,4,3,3
Denmark,National,Freelancer,NA,4,4,2,2,1,2,38,3,3,3,3
Germany,National,Part-time,Permanent,3,1,1,3,1,3,30,3,2,3,2
UK,National,Full-time,Permanent,2,5,2,5,3,5,10,1,1,1,1
Denmark,Regional,Freelancer,NA,5,3,1,1,2,4,16,5,4,2,3
Switzerland,National,Full-time,Temporary,3,3,1,1,1,2,2,3,3,3,3
Switzerland,National,Part-time,Permanent,4,4,1,4,2,2,19,4,5,3,2
Austria,National,Full-time,Permanent,4,4,1,3,3,1,8,3,2,3,3
UK,Transnational,Full-time,Permanent,4,5,1,3,1,2,5,5,3,3,2
UK,National,Full-time,Permanent,5,5,1,2,2,1,30,2,1,1,1
Germany,Local,Full-time,Permanent,5,5,2,5,2,3,19,5,4,2,3
Germany,Regional,Full-time,Permanent,4,4,1,4,3,2,29,4,4,3,4
Denmark,National,Full-time,Permanent,4,4,1,2,2,2,24,2,1,2,2
Switzerland,National,Part-time,Permanent,4,4,3,3,3,3,15,4,4,3,3
UK,Transnational,Freelancer,NA,3,3,2,4,4,5,15,3,2,2,2
Germany,Regional,Freelancer,NA,2,4,2,3,1,3,17,4,4,3,3
Germany,National,Full-time,Permanent,3,3,1,2,1,2,16,3,3,3,3
Austria,National,Full-time,Permanent,4,4,2,4,1,1,21,3,1,1,1
Switzerland,Local,Full-time,Permanent,3,4,2,3,2,3,6,4,4,3,3
Denmark,Regional,Full-time,Permanent,2,2,1,4,2,2,8,3,2,2,2
Switzerland,Regional,Full-time,Permanent,4,4,1,5,3,5,30,3,3,3,3
Switzerland,National,Full-time,Permanent,4,5,2,2,1,5,1,4,4,2,3
UK,Transnational,Full-time,Permanent,3,3,1,5,5,4,1,3,3,3,3
Switzerland,National,Part-time,Permanent,4,4,2,4,2,1,21,4,4,4,4
Germany,National,Full-time,Permanent,4,4,1,1,1,1,12,3,3,3,3
Germany,Regional,Freelancer,NA,5,5,1,1,1,1,26,4,4,3,3
Denmark,National,Full-time,Permanent,5,5,1,3,1,3,7,3,3,3,2
UK,Transnational,Full-time,Permanent,3,3,1,1,1,1,20,2,2,2,2
Denmark,National,Full-time,Permanent,4,5,2,2,1,4,18,4,4,3,4
Austria,Local,Full-time,Permanent,3,4,1,1,1,1,23,3,3,2,3
UK,National,Part-time,Temporary,5,5,2,5,4,4,30,2,2,2,1
Switzerland,Local,Full-time,Permanent,4,5,2,4,4,3,15,3,3,2,2
Germany,National,Full-time,Permanent,5,5,1,1,1,2,15,4,4,3,3
UK,Transnational,Full-time,Permanent,5,5,1,2,2,3,35,3,3,3,3
Switzerland,Regional,Full-time,Permanent,4,4,1,4,2,2,11,4,3,2,3
Denmark,National,Freelancer,NA,4,4,3,3,3,3,3,4,3,2,3
UK,National,Full-time,Permanent,4,5,1,2,1,2,15,2,1,2,2
Switzerland,Regional,Full-time,Permanent,2,3,1,1,1,1,30,2,3,2,2
Denmark,Local,Full-time,Permanent,4,4,2,4,4,4,20,4,3,3,3
Denmark,National,Full-time,Permanent,4,4,1,1,4,2,8,4,3,3,3
Germany,Local,Full-time,Permanent,4,5,1,2,3,4,24,2,2,1,1
Austria,Local,Full-time,Permanent,4,5,1,3,2,1,23,3,3,1,2
UK,National,Full-time,Permanent,3,4,1,4,2,2,17,3,3,3,3
Switzerland,National,Full-time,Permanent,4,4,1,5,4,4,17,4,4,3,3
Switzerland,Regional,Part-time,Permanent,4,4,2,3,2,4,21,5,4,4,4
Denmark,National,Freelancer,NA,5,4,2,2,2,2,28,3,3,2,3
Switzerland,Regional,Full-time,Permanent,4,4,1,2,2,4,23,3,3,2,2
Switzerland,Local,Freelancer,NA,4,4,2,4,2,2,2,4,4,3,3
Germany,National,Full-time,Permanent,3,3,1,1,1,1,29,3,3,3,3
Denmark,National,Full-time,Permanent,2,3,1,4,3,5,4,4,4,4,4
Denmark,National,Full-time,Permanent,4,4,2,5,1,5,8,4,3,3,3
Denmark,National,Part-time,Permanent,4,4,3,3,3,3,14,2,2,2,2
Denmark,National,Freelancer,NA,4,4,2,4,4,2,28,3,3,3,3
Switzerland,Regional,Full-time,Permanent,5,4,1,5,2,4,14,3,3,3,3
Austria,National,Full-time,Permanent,5,5,1,2,2,1,31,3,3,2,2
UK,Local,Full-time,Permanent,5,5,4,4,2,4,8,2,2,1,2
Germany,National,Full-time,Permanent,5,5,1,1,1,1,8,1,1,1,1
Denmark,National,Full-time,Permanent,2,3,4,4,4,4,15,2,2,2,2
Switzerland,Regional,Full-time,Temporary,5,4,2,4,2,2,4,3,3,2,2
UK,National,Full-time,Permanent,4,4,2,4,3,4,10,3,3,3,3
Switzerland,Regional,Full-time,Permanent,4,4,2,5,2,3,18,4,4,4,4
Germany,Regional,Part-time,Permanent,4,5,1,2,1,1,39,2,2,1,2
Denmark,Regional,Full-time,Permanent,4,4,2,3,2,4,8,2,2,2,2
Germany,Local,Freelancer,NA,4,3,2,4,2,3,7,2,2,2,2
Germany,Local,Freelancer,NA,4,4,1,3,1,1,30,3,2,2,2
UK,Transnational,Full-time,Permanent,5,5,1,4,4,5,12,4,4,3,3
Germany,Regional,Freelancer,NA,5,4,1,2,2,3,10,4,3,4,3
Switzerland,Regional,Full-time,Permanent,4,4,1,2,1,1,20,3,4,2,2
Germany,Regional,Full-time,Permanent,4,4,2,3,4,3,39,3,2,3,2
Austria,National,Part-time,Permanent,3,3,1,5,3,3,42,4,2,2,3
Denmark,Regional,Full-time,Temporary,4,5,2,3,1,3,35,3,3,3,3
Germany,Regional,Full-time,Permanent,4,4,1,2,1,1,40,2,3,3,2
UK,Transnational,Full-time,Permanent,3,4,1,4,3,2,8,3,3,2,2
Germany,Regional,Freelancer,NA,4,5,2,2,4,1,23,2,1,2,2
Austria,Regional,Full-time,Permanent,4,4,1,2,2,2,15,3,3,3,3
Switzerland,National,Full-time,Permanent,4,4,1,1,1,1,32,3,3,2,2
Austria,National,Full-time,Permanent,4,4,2,3,3,4,17,2,2,1,3
UK,National,Full-time,Permanent,5,5,1,3,1,3,4,3,3,2,2
Austria,National,Freelancer,NA,4,4,1,4,5,2,30,2,2,2,2
Switzerland,Local,Part-time,Permanent,5,5,2,3,2,3,3,3,3,3,2
Switzerland,National,Full-time,Permanent,3,3,1,4,3,3,19,4,4,4,4
Austria,Regional,Full-time,Permanent,4,4,1,4,3,4,5,2,2,2,2
Germany,Regional,Full-time,Permanent,3,4,1,5,2,1,26,1,2,2,1
Denmark,Local,Freelancer,NA,4,4,1,5,1,5,40,3,3,3,3
Austria,National,Full-time,Permanent,4,5,1,1,3,2,17,3,3,3,3
Denmark,Regional,Full-time,Permanent,4,3,2,2,1,3,29,3,3,1,1
Germany,Regional,Full-time,Permanent,5,5,1,1,3,2,16,4,4,4,3
Denmark,Regional,Full-time,Permanent,5,5,1,2,5,1,50,3,1,2,2
Denmark,National,Full-time,Permanent,3,3,1,4,4,4,3,4,4,3,3
Germany,National,Full-time,Permanent,3,5,2,4,3,4,4,5,5,4,4
Switzerland,Regional,Full-time,Permanent,4,4,1,2,1,1,21,4,4,3,3
Denmark,National,Full-time,Permanent,3,3,2,2,4,2,8,5,3,3,3
Austria,Regional,Full-time,Permanent,3,4,2,4,2,2,10,4,4,3,3
Denmark,National,Full-time,Permanent,4,4,2,4,4,2,5,4,3,2,2
Germany,Local,Full-time,Permanent,5,5,1,2,1,1,20,3,3,2,3
Switzerland,National,Part-time,Permanent,3,4,1,1,1,3,20,3,3,2,2
UK,National,Full-time,Permanent,3,2,1,4,4,1,3,2,2,2,2
Austria,National,Full-time,Permanent,4,4,1,4,2,1,15,4,3,3,3
Austria,National,Full-time,Permanent,5,5,1,3,3,1,46,2,2,1,1
UK,National,Full-time,Permanent,4,3,1,4,1,2,3,3,3,2,2
UK,National,Freelancer,NA,3,2,2,4,4,5,NA,2,2,2,2
Germany,Regional,Full-time,Permanent,3,3,2,4,2,3,4,4,4,3,3
UK,Transnational,Full-time,Permanent,5,5,1,3,2,2,22,3,3,3,3
Switzerland,National,Part-time,Permanent,4,4,3,3,2,4,9,4,4,3,3
Switzerland,Regional,Full-time,Permanent,4,4,1,3,4,3,8,3,3,3,3
UK,Regional,Full-time,Permanent,4,4,1,2,4,2,25,3,3,2,2
Denmark,National,Full-time,Permanent,4,4,4,4,4,4,12,2,1,1,2
UK,Transnational,Freelancer,NA,4,4,1,4,4,1,26,3,3,3,3
Switzerland,National,Part-time,Permanent,4,4,2,3,2,3,12,2,2,1,2
Austria,National,Full-time,Permanent,4,4,1,4,4,1,25,3,3,3,3
Denmark,National,Full-time,NA,4,4,1,1,2,3,15,3,2,2,3
Austria,National,Part-time,Permanent,3,4,1,4,2,2,7,3,3,2,3
Denmark,National,Full-time,Permanent,3,3,1,4,2,2,9,3,3,2,3
UK,Regional,Full-time,Permanent,4,4,1,1,1,1,34,2,2,2,2
Denmark,National,Freelancer,NA,4,4,2,3,3,2,5,2,2,2,2
Austria,Regional,Full-time,Temporary,5,5,2,5,3,3,30,3,2,2,2
Denmark,National,Freelancer,NA,5,5,1,4,5,3,30,2,2,1,1
Denmark,Regional,Part-time,Permanent,3,4,2,3,4,2,37,4,3,3,3
UK,National,Freelancer,NA,4,4,2,5,4,5,16,2,2,2,2
Switzerland,Local,Freelancer,NA,5,4,2,1,4,1,15,3,4,2,2
Germany,Regional,Full-time,Permanent,4,5,1,1,1,2,26,4,3,3,3
Germany,Local,Full-time,Permanent,5,5,2,1,1,3,20,2,2,2,3
Germany,National,Full-time,Permanent,3,3,1,4,1,1,4,4,3,3,3
UK,National,Full-time,Permanent,5,5,1,4,4,1,21,3,3,3,3
UK,Regional,Full-time,Permanent,4,5,2,4,2,1,3,3,2,3,2
Germany,Regional,Full-time,Permanent,4,3,1,5,1,3,7,3,3,3,4
Austria,Regional,Full-time,Permanent,4,4,1,4,2,4,21,4,4,3,3
Denmark,Regional,Full-time,Permanent,1,1,4,2,1,2,20,4,2,2,3
Austria,National,Full-time,Permanent,3,4,1,3,1,1,16,3,2,2,3
Denmark,Regional,Full-time,Permanent,4,4,1,2,1,4,35,4,3,3,3
Austria,National,Full-time,Permanent,4,3,3,3,3,3,27,4,4,3,2
Switzerland,National,Part-time,NA,3,3,2,4,2,2,2,4,4,3,3
Denmark,Regional,Freelancer,NA,3,5,1,1,1,1,10,2,1,2,2
Austria,National,Full-time,Permanent,4,5,2,4,2,2,18,3,3,2,2
UK,National,Freelancer,NA,5,4,1,1,1,1,30,3,3,3,3
Denmark,National,Freelancer,NA,4,4,3,4,4,3,NA,3,3,3,3
Denmark,National,Full-time,Permanent,4,4,1,1,1,1,17,3,2,2,2
Denmark,National,Freelancer,NA,3,3,2,4,3,2,40,4,4,4,3
Denmark,National,Full-time,Permanent,4,4,1,4,4,2,4,3,3,2,2
Austria,National,Full-time,Permanent,4,5,1,2,1,2,16,4,4,4,3
Denmark,National,Full-time,Permanent,3,3,4,4,2,5,4,3,2,1,2
Switzerland,Local,Part-time,Permanent,5,5,1,4,2,1,20,3,3,3,3
Germany,Local,Freelancer,NA,4,4,2,3,2,3,20,2,2,2,2
Switzerland,Regional,Part-time,Permanent,4,4,1,1,1,5,20,3,3,2,2
UK,Transnational,Full-time,Permanent,4,4,1,4,4,4,30,3,3,3,3
Denmark,National,Full-time,Temporary,4,2,1,2,1,1,7,2,2,1,1
Switzerland,Regional,Full-time,Permanent,4,5,2,4,2,2,17,4,4,3,3
Denmark,National,Freelancer,NA,5,5,2,3,1,1,30,3,1,1,1
UK,National,Freelancer,NA,4,4,1,4,2,1,25,3,2,2,2
Austria,National,Full-time,Permanent,4,4,1,4,3,2,5,3,3,2,2
Germany,Regional,Full-time,Permanent,4,4,1,3,3,2,12,3,4,3,3
Denmark,National,Freelancer,NA,4,4,4,4,4,4,11,3,3,3,3
Austria,National,Full-time,Permanent,4,4,1,3,1,1,37,2,2,2,3
UK,National,Freelancer,NA,5,4,4,4,2,4,25,3,3,3,3
Austria,Regional,Full-time,Permanent,4,5,1,5,3,2,15,1,2,1,2
UK,National,Full-time,Permanent,4,4,1,4,4,1,21,3,2,1,2
Denmark,National,Full-time,Temporary,3,4,2,5,3,5,3,3,2,2,2
Denmark,National,Freelancer,NA,3,3,2,4,2,2,3,4,3,4,4
Denmark,Regional,Full-time,NA,4,4,2,2,2,3,41,3,3,3,3
Switzerland,National,Part-time,Permanent,4,3,1,4,2,4,4,4,4,2,2
Denmark,National,Part-time,Permanent,3,1,1,4,2,4,18,4,3,3,3
Switzerland,Regional,Full-time,Permanent,5,5,1,4,1,1,25,4,4,3,3
Denmark,National,Full-time,NA,4,4,4,2,2,4,25,2,2,2,2
Switzerland,Regional,Part-time,Permanent,5,5,1,1,5,1,8,2,2,2,2
Austria,National,Full-time,Permanent,4,5,1,1,2,2,33,2,2,2,3
UK,National,Full-time,Permanent,2,3,2,4,3,3,20,3,3,3,3
Denmark,National,Freelancer,NA,3,3,1,2,2,1,10,3,3,3,3
UK,Transnational,Full-time,Permanent,4,3,1,4,2,2,24,3,2,3,3
UK,Transnational,Full-time,Permanent,4,4,2,5,4,5,5,3,3,3,3
Denmark,National,Freelancer,NA,3,4,2,2,2,4,32,3,3,4,3
Denmark,National,Full-time,Permanent,3,4,2,4,4,4,5,2,2,2,2
Germany,Regional,Full-time,Permanent,4,5,1,3,1,1,30,5,4,3,3
Denmark,Regional,Full-time,Permanent,4,4,2,4,4,2,11,3,3,2,2
Denmark,National,Full-time,Permanent,4,3,4,5,2,4,4,2,2,1,1
UK,National,Full-time,Permanent,4,5,4,4,4,5,18,3,3,3,3
Germany,Regional,Full-time,Permanent,4,5,1,5,3,1,5,3,3,3,3
Germany,Regional,Full-time,Permanent,3,4,1,3,1,3,6,3,4,2,1
Denmark,National,Full-time,Permanent,2,2,4,4,2,4,2,3,3,3,3
Denmark,National,Full-time,Permanent,4,3,1,1,4,1,20,3,3,3,3
Denmark,National,Freelancer,NA,5,5,1,4,1,2,10,2,2,2,2
Denmark,National,Full-time,Permanent,4,4,3,4,3,4,2,2,3,2,2
UK,National,Full-time,Permanent,3,4,2,4,4,4,21,2,2,2,2
Germany,Regional,Freelancer,NA,5,5,1,3,4,2,30,1,2,1,1
Austria,Regional,Full-time,Permanent,5,5,1,2,3,1,40,3,2,2,2
Switzerland,Regional,Full-time,Permanent,3,4,1,4,2,2,20,3,4,2,2
Austria,Regional,Full-time,Permanent,5,NA,1,1,1,1,25,3,3,3,3
Denmark,Regional,Full-time,Permanent,4,4,1,3,1,3,14,3,3,3,3
UK,Transnational,Full-time,Permanent,4,5,1,4,5,5,8,2,1,2,2
Austria,Regional,Full-time,Permanent,4,5,2,3,1,3,20,2,2,2,2
UK,Transnational,Full-time,Permanent,4,4,2,3,1,2,15,1,1,1,1
Germany,Regional,Full-time,Permanent,3,4,2,5,3,3,4,4,4,3,3
Switzerland,Regional,Full-time,Permanent,3,2,2,5,3,3,18,4,4,2,3
Germany,National,Full-time,Permanent,3,5,2,1,1,1,15,5,4,2,1
Switzerland,National,Part-time,Permanent,3,4,2,4,3,5,7,3,3,3,3
Denmark,National,Full-time,Permanent,4,4,1,5,4,4,5,4,3,3,3
Denmark,National,Freelancer,NA,4,4,2,2,1,4,22,3,3,3,3
Austria,National,Full-time,Permanent,4,4,2,4,3,3,13,3,3,2,2
Switzerland,National,Full-time,Permanent,4,4,2,5,4,2,15,4,4,4,3
Germany,Regional,Freelancer,NA,2,3,1,3,2,2,15,2,2,2,2
Austria,Regional,Full-time,Permanent,4,4,1,4,3,3,8,2,3,2,2
UK,National,Full-time,Permanent,3,2,1,4,2,3,3,2,2,2,2
Germany,Regional,Full-time,Permanent,5,5,2,3,1,1,33,2,2,3,3
UK,Transnational,Full-time,Permanent,4,5,1,1,1,1,20,3,3,2,2
Austria,National,Full-time,Permanent,4,NA,2,2,2,2,27,3,4,2,2
Switzerland,Regional,Freelancer,NA,4,4,1,2,2,2,1,4,4,4,4
Denmark,Local,Full-time,Temporary,2,3,2,2,4,2,23,4,3,3,3
Denmark,Local,Freelancer,NA,4,4,2,5,2,3,2,3,3,2,3
Switzerland,National,Part-time,Permanent,4,4,1,4,3,2,20,3,3,3,2
Germany,Local,Full-time,Permanent,5,5,1,4,1,1,26,2,2,2,2
Switzerland,Regional,Full-time,Permanent,4,5,1,4,1,1,34,3,3,2,2
Denmark,National,Full-time,Permanent,4,4,2,1,1,3,30,3,3,2,2
Germany,National,Full-time,Permanent,3,5,2,3,2,2,17,3,2,3,3
Switzerland,Local,Full-time,Permanent,4,4,1,3,3,2,25,2,3,2,2
Austria,National,Full-time,Permanent,4,5,2,4,1,2,4,3,3,3,3
Austria,National,Full-time,Permanent,4,4,1,4,1,1,27,2,2,1,2
UK,Transnational,Full-time,Permanent,3,4,2,4,3,4,16,4,3,3,3
Switzerland,National,Full-time,Permanent,4,5,1,2,2,1,6,3,4,3,3
Austria,Regional,Full-time,Permanent,4,5,1,3,2,2,11,2,2,1,1
Switzerland,National,Full-time,Permanent,5,5,1,2,2,1,30,3,3,3,3
Austria,Regional,Freelancer,NA,4,4,1,4,3,1,30,4,3,3,3
UK,Regional,Freelancer,NA,5,5,2,4,4,4,45,2,2,2,2
Austria,National,Full-time,Permanent,4,5,1,3,3,5,25,4,4,4,4
Denmark,National,Full-time,Permanent,4,4,2,2,2,2,11,3,3,2,2
Switzerland,National,Full-time,Permanent,4,4,2,4,2,2,10,4,3,3,3
Denmark,National,Part-time,Permanent,4,4,4,4,5,5,37,3,1,1,1
Denmark,National,Full-time,NA,4,5,2,2,2,3,21,3,2,2,3
Denmark,Local,Full-time,Permanent,4,4,2,4,2,4,27,3,3,3,4
Germany,Regional,Full-time,Permanent,5,5,1,5,3,4,25,3,3,2,2
Austria,Regional,Freelancer,NA,2,4,1,3,2,2,2,1,1,1,1
Switzerland,National,Full-time,Permanent,4,4,2,4,3,4,25,3,3,3,3
Germany,Local,Full-time,Permanent,4,4,1,3,1,1,32,4,4,3,3
UK,Regional,Full-time,Permanent,4,4,1,5,5,4,15,2,1,3,3
Germany,National,Full-time,Permanent,2,4,1,2,1,3,5,4,3,2,1
Switzerland,Transnational,Full-time,Permanent,4,3,4,3,4,2,29,4,4,3,3
Switzerland,Regional,Part-time,Permanent,4,5,1,3,1,1,1,3,4,3,3
UK,National,Full-time,Permanent,5,5,1,4,4,2,17,3,3,3,3
Germany,Regional,Full-time,Permanent,5,5,1,4,2,1,37,2,2,3,2
Switzerland,National,Full-time,Permanent,4,3,2,4,2,2,3,3,3,2,2
Austria,Regional,Full-time,Permanent,5,5,1,2,2,3,35,4,3,3,3
Austria,National,Full-time,Permanent,4,5,2,3,3,2,8,3,3,3,3
Switzerland,National,Full-time,Permanent,4,4,4,5,3,3,9,3,4,2,2
UK,Transnational,Freelancer,NA,3,4,1,4,1,5,30,4,2,3,3
Denmark,National,Full-time,Permanent,4,5,4,5,2,5,30,2,2,2,2
Switzerland,Local,Part-time,Permanent,4,4,1,4,2,2,3,3,3,3,3
Germany,Local,Full-time,Permanent,4,5,1,4,4,3,25,3,3,2,3
Denmark,National,Full-time,Permanent,4,5,1,4,3,3,2,2,2,2,2
Denmark,Local,Full-time,Permanent,5,5,1,4,4,3,22,3,1,1,2
Denmark,Regional,Full-time,Permanent,5,5,1,5,5,5,40,4,4,3,4
Denmark,National,Full-time,NA,5,5,1,4,1,4,20,2,1,1,2
UK,National,Full-time,Permanent,4,4,1,5,1,2,7,4,3,3,4
Denmark,National,Freelancer,NA,5,5,2,3,3,3,11,3,3,1,2
UK,National,Freelancer,NA,2,2,1,5,1,2,43,3,2,2,3
Switzerland,National,Part-time,Permanent,4,4,1,1,1,3,15,4,4,3,3
Denmark,National,Full-time,Permanent,3,4,1,3,4,4,23,4,3,2,3
Switzerland,National,Full-time,Temporary,3,3,2,2,2,2,1,4,3,2,3
Austria,Regional,Full-time,Permanent,4,5,1,3,1,1,27,2,1,1,1
Austria,Local,Full-time,Permanent,3,4,1,3,1,3,17,4,3,3,3
Denmark,National,Full-time,Permanent,1,2,2,2,2,3,37,2,1,2,2
Austria,National,Full-time,Permanent,4,4,1,4,3,1,10,3,3,3,3
UK,National,Freelancer,NA,3,3,2,4,4,4,20,2,2,2,3
Denmark,National,Full-time,Permanent,4,5,1,4,3,3,10,3,3,3,3
Denmark,Regional,Freelancer,NA,5,4,1,2,1,4,26,3,3,2,3
UK,National,Full-time,Permanent,4,4,1,5,2,4,33,3,3,3,3
UK,National,Full-time,Permanent,3,3,1,4,3,4,33,3,3,3,3
Denmark,National,Freelancer,NA,4,3,2,2,1,2,25,3,3,3,3
UK,National,Part-time,Temporary,4,4,2,4,2,1,30,3,2,1,3
Austria,National,Full-time,Temporary,4,4,3,3,3,2,25,2,2,2,2
Switzerland,Local,Full-time,Permanent,3,4,1,4,2,2,7,4,4,3,4
Germany,Local,Full-time,Permanent,5,5,1,1,1,2,26,3,3,2,2
Denmark,National,Full-time,Permanent,4,4,1,5,3,4,5,3,3,3,4
UK,National,Full-time,Permanent,4,5,1,5,2,3,32,2,2,2,2
Switzerland,Local,Part-time,Permanent,4,3,1,5,3,4,30,2,4,1,1
Austria,National,Freelancer,NA,3,4,2,2,3,2,3,4,2,2,3
UK,National,Full-time,Permanent,5,5,1,1,1,1,27,3,3,3,3
Austria,Regional,Full-time,Permanent,3,4,1,3,2,2,4,3,3,3,2
UK,Regional,Full-time,Permanent,3,4,1,5,3,3,19,3,3,3,3
Germany,Local,Full-time,Temporary,5,5,2,3,3,2,30,4,4,3,3
Austria,National,Full-time,Permanent,5,5,1,4,2,2,17,4,4,4,4
Denmark,National,Freelancer,NA,3,2,5,3,1,1,49,3,3,2,3
Austria,Regional,Full-time,Permanent,3,4,2,4,2,2,16,4,3,3,2
UK,National,Full-time,Permanent,4,4,1,4,1,3,NA,3,3,2,1
Denmark,Regional,Part-time,Temporary,4,4,1,1,1,1,37,3,3,3,3
UK,National,Full-time,Permanent,4,4,3,4,4,4,13,3,1,2,3
Switzerland,National,Part-time,Permanent,4,4,2,2,1,2,7,3,4,3,3
Denmark,Regional,Full-time,NA,3,4,4,2,2,3,27,2,2,2,2
Denmark,National,Full-time,Permanent,4,3,1,2,1,1,5,3,3,2,1
UK,National,Full-time,Permanent,5,5,2,4,2,4,35,1,2,2,2
Denmark,National,Full-time,Permanent,3,4,1,1,1,1,39,3,1,1,1
Switzerland,Regional,Full-time,Permanent,3,3,1,1,1,2,14,3,3,1,1
Austria,Regional,Full-time,Permanent,2,3,2,4,2,3,4,2,2,2,2
Denmark,National,Full-time,Permanent,5,5,2,2,3,1,15,3,2,2,2
Switzerland,National,Part-time,Permanent,3,4,1,5,3,1,15,3,3,3,3
Switzerland,Local,Freelancer,NA,3,4,1,2,1,4,21,2,2,2,3
UK,Local,Full-time,Permanent,4,4,1,4,4,4,NA,4,4,3,3
Denmark,National,Freelancer,NA,5,5,1,1,1,4,40,4,3,2,2
UK,National,Full-time,Permanent,3,2,2,4,5,3,15,4,2,2,2
Denmark,Regional,Full-time,Permanent,5,5,5,4,2,1,17,3,3,2,3
Switzerland,Regional,Full-time,Permanent,4,4,1,3,2,3,4,3,3,2,3
Germany,Regional,Freelancer,NA,4,4,1,1,4,2,35,4,4,2,4
UK,National,Freelancer,NA,5,3,5,5,2,5,15,3,3,3,3
Switzerland,Regional,Full-time,Permanent,3,3,2,4,4,2,18,3,3,3,3
Austria,Regional,Full-time,Permanent,4,3,1,4,2,1,4,2,2,2,2
Denmark,National,Freelancer,NA,3,3,2,2,2,3,7,2,2,2,1
Austria,Regional,Full-time,Permanent,3,4,1,3,4,2,7,2,2,2,3
Germany,Regional,Full-time,Permanent,5,5,1,1,3,1,25,3,3,3,3
UK,National,Full-time,Permanent,5,5,1,5,2,5,31,3,2,2,2
Denmark,Regional,Full-time,Permanent,5,5,2,4,4,4,16,4,4,4,3
Switzerland,National,Full-time,Permanent,4,4,2,4,3,3,2,4,4,3,3
Denmark,Regional,Full-time,Permanent,4,3,3,4,2,3,8,3,2,3,3
Switzerland,National,Part-time,Permanent,4,4,1,3,1,2,16,4,4,3,3
Switzerland,Regional,Full-time,Permanent,2,2,2,2,1,3,2,4,4,3,3
Switzerland,Local,Full-time,Temporary,4,4,2,4,2,2,4,4,2,3,3
Denmark,National,Full-time,Permanent,4,4,1,1,1,4,13,2,2,2,2
Denmark,National,Full-time,Permanent,5,4,2,4,3,4,32,4,3,2,3
Germany,National,Freelancer,NA,4,4,1,4,3,4,40,3,3,2,3
Switzerland,National,Full-time,Permanent,4,3,1,5,2,1,1,3,4,3,2
UK,National,Full-time,Permanent,4,4,1,5,1,1,32,3,3,2,2
Switzerland,National,Full-time,Permanent,4,4,2,2,1,3,10,3,4,3,3
Denmark,National,Part-time,Permanent,1,4,2,3,2,3,3,2,2,2,2
Switzerland,Regional,Full-time,Permanent,5,5,1,1,1,2,37,3,3,2,3
Germany,Local,Full-time,Permanent,5,5,3,5,1,4,28,3,3,2,2
UK,Local,Full-time,Permanent,4,4,1,5,2,4,28,2,2,2,2
Denmark,National,Full-time,Permanent,4,4,4,4,2,4,2,4,4,3,3
Denmark,National,Full-time,Permanent,5,4,4,3,2,4,7,3,3,3,3
UK,Transnational,Full-time,Permanent,4,4,1,4,2,4,16,3,3,3,3
Denmark,Regional,Full-time,Permanent,3,4,4,4,4,4,2,3,3,3,2
Switzerland,Regional,Full-time,Permanent,4,4,3,4,2,4,9,4,3,3,3
UK,Regional,Full-time,Permanent,4,4,1,4,2,5,30,3,2,2,2
Switzerland,Transnational,Full-time,Permanent,4,5,1,5,3,2,13,2,2,2,2
Austria,National,Part-time,Permanent,4,4,1,4,2,2,10,3,3,2,3
Switzerland,Regional,Part-time,Permanent,4,4,1,5,2,1,5,4,4,2,2
Denmark,National,Full-time,Permanent,4,4,3,2,3,4,3,3,4,2,3
Switzerland,National,Full-time,Permanent,4,5,1,4,2,1,25,4,4,3,3
UK,National,Full-time,Permanent,4,4,3,4,3,3,4,3,2,1,1
Switzerland,Regional,Full-time,Permanent,4,4,1,3,1,3,19,3,3,3,3
Austria,Regional,Full-time,Permanent,4,4,2,4,3,3,17,3,3,3,3
Austria,Regional,Full-time,Permanent,4,4,1,4,4,4,25,4,4,2,2
Austria,Regional,Part-time,Permanent,4,4,1,2,1,1,15,3,3,3,2
Austria,Regional,Freelancer,NA,3,3,2,4,3,1,14,3,3,2,2
Denmark,Regional,Full-time,Permanent,4,4,2,4,4,4,25,2,2,1,1
UK,National,Full-time,Permanent,4,3,1,5,3,4,2,3,2,2,2
Denmark,Local,Full-time,NA,3,4,2,3,2,5,19,3,2,3,2
Denmark,National,Full-time,Permanent,4,3,2,4,2,4,38,3,3,3,3
Germany,National,Full-time,Permanent,5,5,1,5,3,2,4,3,3,3,4
Denmark,Local,Full-time,Temporary,4,4,2,3,3,2,10,3,3,3,3
UK,Regional,Full-time,Permanent,3,3,1,4,3,3,44,3,2,2,3
Denmark,National,Full-time,Permanent,5,5,1,4,4,4,32,2,2,2,2
Denmark,National,Part-time,Temporary,4,4,2,4,3,4,1,3,3,3,3
Denmark,Regional,Full-time,Permanent,3,4,4,1,1,4,35,3,1,2,2
Denmark,Local,Full-time,Permanent,4,4,4,3,4,5,17,2,1,1,2
Austria,National,Part-time,Permanent,4,4,2,2,1,1,23,3,3,3,3
UK,National,Full-time,Permanent,4,4,2,2,2,1,29,3,3,3,3
Denmark,National,Part-time,Permanent,4,5,3,3,2,4,6,3,2,1,2
Austria,National,Freelancer,NA,4,4,1,4,1,2,5,2,2,2,2
Austria,Regional,Full-time,Permanent,4,5,1,4,5,1,9,4,3,2,3
Denmark,National,Freelancer,NA,4,4,2,4,4,3,9,3,2,2,2
UK,Transnational,Full-time,Permanent,3,3,2,3,2,3,7,3,3,3,3
UK,Local,Full-time,Permanent,4,4,2,2,2,2,2,3,2,2,2
UK,National,Freelancer,NA,5,5,2,2,2,4,30,3,3,3,3
Denmark,National,Part-time,Permanent,4,4,2,4,2,5,5,1,1,1,1
UK,National,Full-time,Permanent,1,2,1,1,2,1,30,4,3,3,3
UK,Transnational,Full-time,Permanent,4,5,1,4,1,3,35,3,3,2,3
Germany,Local,Full-time,Permanent,5,5,1,5,3,3,35,2,2,2,3
Denmark,National,Full-time,NA,5,4,2,3,2,3,27,2,2,2,2
Denmark,National,Full-time,Permanent,5,5,1,1,1,1,25,2,3,1,2
Germany,Regional,Full-time,Permanent,4,5,1,4,3,2,8,4,4,3,3
UK,National,Full-time,Permanent,3,4,1,2,2,3,13,3,3,3,3
Germany,Regional,Freelancer,NA,4,5,1,4,2,2,28,3,3,3,3
Germany,Regional,Full-time,Permanent,5,5,2,4,3,1,30,3,2,3,2
Germany,Regional,Full-time,Permanent,4,4,1,4,1,2,10,4,4,3,3
UK,Transnational,Part-time,Permanent,4,4,1,1,1,1,20,3,2,3,3
Austria,Regional,Full-time,Permanent,2,2,3,4,2,4,16,4,3,2,2
UK,Transnational,Full-time,Permanent,4,4,1,1,1,1,30,3,3,3,3
Germany,Regional,Full-time,Permanent,4,4,1,4,4,3,17,3,3,2,2
Denmark,Regional,Full-time,Permanent,4,4,2,4,4,4,10,3,3,2,3
UK,Local,Full-time,Permanent,4,5,2,4,2,2,9,2,2,2,2
Germany,Regional,Freelancer,NA,5,4,1,2,1,2,20,5,4,4,4
Austria,National,Full-time,Permanent,4,4,1,4,3,1,30,3,3,3,3
Germany,National,Full-time,Permanent,4,5,1,4,1,3,15,4,5,3,3
UK,Regional,Freelancer,NA,2,4,2,4,4,1,25,3,3,3,3
Switzerland,Local,Part-time,Permanent,4,4,1,1,1,1,25,3,4,3,3
Switzerland,Regional,Full-time,Permanent,4,5,2,4,2,3,7,3,3,2,1
Austria,Local,Full-time,Permanent,5,5,2,3,4,4,25,3,2,3,3
Denmark,National,Freelancer,NA,5,5,1,1,1,1,13,2,2,2,2
Austria,National,Full-time,Permanent,4,4,1,2,2,2,20,3,3,3,3
Denmark,National,Full-time,Permanent,4,4,4,4,4,4,16,3,3,3,3
Denmark,National,Full-time,Temporary,4,4,1,1,1,1,30,3,2,2,2
UK,Regional,Freelancer,NA,4,4,1,4,4,4,27,3,3,3,3
Switzerland,National,Full-time,Permanent,5,5,1,5,1,1,30,4,3,3,3
Austria,National,Full-time,Permanent,5,5,1,2,3,3,17,3,3,2,2
Denmark,Local,Freelancer,NA,5,5,3,4,3,4,10,3,3,2,2
Denmark,National,Full-time,Permanent,3,3,4,5,4,4,25,3,2,1,2
Germany,Local,Full-time,Permanent,5,5,1,5,1,1,25,3,3,2,2
Germany,National,Full-time,Permanent,4,4,2,4,3,3,10,4,4,3,4
Switzerland,Regional,Full-time,Permanent,5,5,1,5,1,1,8,4,4,3,3
Austria,National,Full-time,Permanent,4,4,2,2,1,3,13,5,3,3,3
Germany,Regional,Full-time,Permanent,5,5,1,4,1,1,21,4,4,3,3
Austria,Regional,Part-time,Permanent,4,4,2,3,3,2,17,3,3,2,3
Switzerland,Regional,Part-time,Permanent,3,4,1,4,3,4,12,4,4,4,4
Switzerland,Regional,Full-time,Permanent,4,4,2,4,2,3,15,3,4,3,3
Denmark,National,Full-time,Permanent,3,3,1,3,2,2,3,4,3,3,3
UK,National,Freelancer,NA,5,5,2,2,2,3,40,3,3,3,2
UK,National,Full-time,Permanent,2,3,1,5,1,3,5,3,2,2,2
Denmark,National,Freelancer,NA,5,5,2,2,2,2,40,3,3,3,3
Germany,Regional,Full-time,Permanent,4,4,1,5,1,1,27,4,4,4,4
Austria,National,Part-time,Permanent,3,4,1,4,3,2,22,3,3,2,2
UK,National,Full-time,Permanent,4,4,2,4,1,2,35,3,3,3,3
Austria,Regional,Part-time,Permanent,4,5,1,2,2,3,10,3,3,3,3
Germany,Local,Full-time,Permanent,4,5,1,5,3,3,15,3,3,2,2
Austria,Regional,Full-time,Permanent,4,4,2,5,3,4,5,2,3,2,3
Switzerland,Regional,Full-time,Permanent,4,4,2,4,2,2,24,3,4,2,2
Switzerland,National,Part-time,Permanent,4,4,2,4,2,4,7,3,3,1,2
Denmark,National,Full-time,Permanent,4,5,2,4,4,1,15,2,2,2,2
Austria,Regional,Full-time,Permanent,4,4,2,3,2,3,28,2,2,2,2
Austria,Regional,Full-time,Permanent,4,4,1,4,3,3,8,4,4,3,3
Denmark,Local,Full-time,Permanent,3,3,2,3,3,2,7,3,2,2,2
UK,National,Full-time,Permanent,3,3,1,4,1,4,5,5,5,3,2
UK,Regional,Full-time,Permanent,5,5,1,5,4,5,26,4,4,3,3
UK,Transnational,Full-time,Permanent,3,5,1,4,3,4,5,4,2,2,2
Germany,Regional,Full-time,Permanent,4,5,1,5,1,1,13,3,4,3,3
Austria,Regional,Part-time,Permanent,4,5,2,5,1,1,12,2,3,2,2
Switzerland,Regional,Full-time,Permanent,4,3,2,5,2,3,10,3,3,2,2
Austria,National,Part-time,Permanent,3,4,1,4,2,3,15,3,2,2,2
Denmark,National,Full-time,Permanent,4,4,1,2,3,2,10,4,3,2,3
Austria,National,Full-time,Permanent,4,4,2,5,3,2,37,4,4,4,4
UK,National,Full-time,Permanent,NA,NA,1,5,5,1,2,3,3,3,3
Austria,National,Full-time,Permanent,4,4,2,4,3,2,5,3,3,2,3
Denmark,National,Part-time,Permanent,3,3,2,3,2,4,15,3,3,2,1
Switzerland,National,Full-time,Permanent,4,4,1,4,2,3,35,4,4,3,3
Denmark,Regional,Full-time,NA,4,5,1,4,1,4,20,3,3,2,3
Germany,Regional,Full-time,Permanent,5,5,1,3,1,1,33,2,2,3,2
Switzerland,National,Part-time,Permanent,4,4,1,2,1,3,8,4,4,3,3
Germany,National,Full-time,Permanent,4,4,1,1,1,1,18,4,4,3,4
Switzerland,National,Part-time,Permanent,4,4,2,4,3,2,15,4,4,4,4
Switzerland,National,Full-time,Permanent,4,4,1,3,3,1,9,3,3,2,2
Denmark,Regional,Full-time,Permanent,3,3,2,1,2,4,9,3,3,3,3
Austria,National,Full-time,Permanent,4,4,1,4,3,1,10,3,3,3,3
Switzerland,Regional,Full-time,Permanent,4,4,2,2,1,1,9,3,3,3,3
Germany,National,Full-time,Permanent,3,3,1,3,2,2,5,4,4,2,2
Switzerland,Regional,Full-time,Permanent,4,4,2,2,2,3,5,4,4,3,3
Denmark,National,Full-time,Permanent,4,5,4,5,4,4,20,3,3,2,3
UK,National,Full-time,Permanent,3,3,2,4,4,3,11,3,3,3,2
Denmark,National,Freelancer,NA,5,5,3,5,4,3,29,4,2,2,3
Denmark,National,Full-time,Permanent,4,4,1,2,2,2,24,4,3,3,3
Austria,Regional,Full-time,Permanent,4,4,1,1,1,1,27,3,3,3,2
UK,Transnational,Full-time,Permanent,4,4,1,4,2,2,27,2,1,1,2
Denmark,National,Full-time,Permanent,4,4,1,1,1,2,28,3,4,2,3
UK,National,Full-time,Permanent,4,4,1,3,1,1,14,3,2,2,2
Denmark,Local,Full-time,Permanent,4,4,2,4,4,4,20,3,3,3,3
Austria,National,Full-time,Permanent,5,5,2,3,4,3,20,2,2,2,3
UK,National,Full-time,Temporary,5,5,2,4,2,4,2,4,4,4,4
Germany,National,Full-time,Permanent,3,3,1,3,2,1,15,4,4,2,2
Switzerland,Local,Part-time,Temporary,4,3,2,3,2,1,5,3,3,3,3
Switzerland,Local,Full-time,Permanent,5,5,2,4,3,2,28,3,1,1,1
Denmark,Local,Full-time,Permanent,5,5,1,2,1,2,26,4,3,2,3
Switzerland,Regional,Part-time,Permanent,4,5,1,3,4,2,7,4,4,2,2
Switzerland,Local,Part-time,Permanent,4,4,1,1,1,1,15,4,4,3,2
Germany,Local,Freelancer,NA,4,5,1,2,2,2,5,4,4,3,3
Denmark,Regional,Full-time,Permanent,4,5,2,4,2,4,13,4,3,2,2
Switzerland,National,Part-time,Permanent,4,4,2,5,3,2,15,4,4,3,3
Switzerland,Local,Part-time,Permanent,4,4,1,2,2,2,10,3,3,2,2
Austria,National,Full-time,Permanent,5,5,2,4,4,1,21,3,3,2,2
Austria,National,Full-time,Temporary,3,4,2,3,2,1,10,3,1,1,1
Denmark,Regional,Full-time,Permanent,4,5,1,1,1,1,23,3,3,3,3
Denmark,National,Freelancer,NA,5,5,2,4,2,4,12,3,3,2,2
Germany,Regional,Freelancer,NA,2,3,1,2,1,1,34,3,3,1,3
Austria,National,Full-time,Permanent,4,5,1,2,2,2,18,3,3,3,3
UK,Local,Full-time,Permanent,4,4,1,2,2,2,NA,2,2,2,2
Denmark,National,Full-time,Permanent,4,4,2,2,4,2,30,4,4,4,4
Germany,Regional,Full-time,Permanent,4,5,1,4,1,1,14,4,4,3,3
Denmark,National,Freelancer,NA,4,4,4,4,4,4,3,3,3,3,3
Germany,Regional,Full-time,Permanent,3,5,1,3,2,2,23,3,2,2,2
Switzerland,Local,Full-time,Permanent,4,4,1,4,2,3,13,3,3,2,2
Germany,Local,Freelancer,NA,3,5,2,4,2,2,4,2,2,2,2
Denmark,Local,Full-time,Temporary,3,3,1,1,1,1,28,3,3,2,3
Denmark,Regional,Part-time,Permanent,4,3,5,4,4,1,30,3,3,2,3
Switzerland,Regional,Full-time,Permanent,4,4,1,1,1,1,12,2,2,2,2
Austria,Regional,Full-time,Permanent,4,5,1,3,3,2,20,4,3,3,3
Switzerland,Local,Part-time,Permanent,4,4,1,4,1,2,20,4,4,3,2
Denmark,Local,Freelancer,NA,4,5,2,3,3,2,43,2,1,3,2
Germany,Regional,Freelancer,NA,4,4,1,1,2,1,7,4,3,3,3
Austria,National,Full-time,Permanent,3,4,1,1,3,1,13,3,3,3,3
Austria,National,Full-time,Temporary,4,5,1,3,3,3,16,3,2,2,2
Denmark,Local,Freelancer,NA,4,4,1,1,1,1,45,2,2,1,1
Denmark,National,Full-time,Permanent,3,2,1,2,2,4,10,2,3,3,2
Germany,National,Full-time,Permanent,4,5,1,1,1,5,35,2,1,1,1
UK,National,Freelancer,NA,4,4,1,4,2,4,3,1,1,1,1
Austria,National,Full-time,Permanent,4,4,1,2,3,2,3,3,3,3,3
Austria,Regional,Full-time,Permanent,4,4,1,3,5,1,18,4,2,1,2
UK,Regional,Full-time,Permanent,5,5,1,2,1,1,30,3,3,3,3
Denmark,National,Full-time,Permanent,4,4,5,5,4,2,33,4,2,2,2
Germany,Local,Full-time,Permanent,5,5,1,4,4,2,40,4,4,4,4
UK,Transnational,Part-time,Permanent,5,5,2,5,3,2,40,4,4,3,3
UK,Local,Full-time,Permanent,4,4,1,2,2,1,32,3,3,2,2
Austria,National,Full-time,Permanent,4,4,2,5,4,2,8,3,3,3,2
Switzerland,Regional,Full-time,Permanent,4,4,1,4,2,4,10,3,3,2,2
Denmark,Regional,Freelancer,NA,3,4,1,5,4,2,2,3,2,2,2
UK,Transnational,Full-time,Permanent,3,4,1,2,1,1,5,3,3,3,2
Switzerland,Local,Full-time,Permanent,4,4,2,4,2,2,15,3,4,3,3
Denmark,National,Freelancer,NA,3,3,4,1,4,1,12,4,2,2,3
Denmark,Regional,Full-time,Permanent,4,4,2,2,4,4,35,2,2,1,2
Austria,Regional,Full-time,Permanent,4,4,1,2,2,2,12,3,3,3,3
Austria,Regional,Full-time,Permanent,4,4,3,5,3,3,23,2,2,2,2
Denmark,National,Full-time,Permanent,4,4,1,4,2,4,27,3,2,1,3
Germany,Local,Full-time,Temporary,4,5,2,5,3,2,4,3,3,2,3
Denmark,National,Freelancer,NA,3,5,3,5,5,3,25,1,1,1,2
UK,Regional,Full-time,Permanent,5,5,1,4,4,2,26,3,3,3,3
Switzerland,National,Full-time,Permanent,4,4,1,5,2,3,25,2,2,3,2
Austria,National,Full-time,Permanent,4,4,2,4,3,2,6,3,3,2,2
Denmark,National,Full-time,Permanent,4,4,2,4,4,2,20,4,4,3,3
Austria,National,Full-time,Permanent,4,4,1,1,1,1,16,4,4,4,4
UK,National,Full-time,Permanent,5,5,2,5,4,2,7,3,3,3,2
UK,Transnational,Freelancer,NA,5,3,1,4,5,4,11,3,2,2,1
UK,National,Full-time,Permanent,4,4,1,3,2,1,15,3,3,2,2
Denmark,Local,Full-time,Temporary,2,2,1,4,4,3,38,4,2,2,2
Germany,National,Full-time,Permanent,3,3,1,5,3,1,17,4,4,2,2
UK,Regional,Full-time,Permanent,4,4,2,5,5,4,12,3,3,3,3
UK,Transnational,Full-time,Permanent,5,5,1,1,1,1,20,2,2,2,2
Denmark,National,Full-time,Permanent,4,4,1,1,1,1,8,3,3,3,3
Austria,National,Freelancer,NA,4,4,1,1,1,1,16,4,3,2,3
Denmark,Local,Full-time,Permanent,4,4,1,1,2,2,5,3,2,1,2
Austria,Regional,Freelancer,NA,2,4,1,2,2,1,24,3,3,3,3
UK,National,Freelancer,NA,4,5,1,4,1,1,15,1,1,1,2
Austria,National,Full-time,Permanent,4,4,1,2,1,1,28,3,3,2,2
Switzerland,Local,Full-time,Permanent,4,5,2,2,1,1,13,2,3,2,2
Switzerland,Regional,Full-time,Permanent,3,4,2,4,3,3,35,3,3,2,3
Denmark,National,Full-time,Temporary,1,3,4,4,2,4,4,2,1,2,2
UK,National,Full-time,Permanent,5,5,1,3,2,2,15,1,1,1,1
Switzerland,National,Full-time,Permanent,4,4,1,5,4,2,15,4,4,3,3
UK,Transnational,Full-time,Permanent,4,4,1,4,4,5,7,2,2,2,2
Germany,Regional,Freelancer,NA,4,3,1,2,2,1,19,4,2,3,3
Germany,Local,Full-time,Permanent,4,4,1,2,1,2,17,3,2,1,3
Denmark,National,Full-time,Permanent,4,4,2,2,2,2,8,3,3,3,3
Denmark,Local,Full-time,Permanent,3,3,1,3,2,5,7,4,2,2,3
Switzerland,Regional,Full-time,Permanent,3,4,3,5,3,2,1,3,3,1,1
Switzerland,National,Full-time,Permanent,4,4,1,5,3,3,18,4,4,3,3
Austria,National,Full-time,Permanent,4,4,1,5,3,2,39,4,2,2,1
Switzerland,Local,Part-time,Permanent,4,4,2,2,1,2,35,3,3,2,2
Austria,Regional,Full-time,Permanent,4,4,2,3,2,2,5,3,3,3,3
Austria,Regional,Part-time,Permanent,4,4,2,3,2,2,9,3,3,2,2
Germany,National,Full-time,Permanent,3,4,1,2,2,1,4,2,2,2,2
Austria,Regional,Part-time,Permanent,3,4,3,4,2,4,15,4,3,3,2
UK,National,Part-time,Permanent,3,4,1,5,5,3,15,4,4,3,3
Switzerland,National,Full-time,Permanent,4,4,2,4,2,3,10,3,2,3,2
Austria,Regional,Full-time,Permanent,4,5,1,2,1,2,8,3,2,2,2
Switzerland,National,Full-time,Permanent,3,4,2,3,2,3,4,3,3,2,3
Switzerland,Regional,Full-time,Permanent,4,4,2,3,2,4,21,5,4,4,4
Switzerland,National,Full-time,Permanent,4,4,1,5,5,1,22,3,3,3,3
UK,National,Full-time,Permanent,3,3,2,5,4,5,8,3,3,2,2
Germany,National,Full-time,Permanent,4,4,2,3,1,2,25,4,4,2,3
UK,Regional,Full-time,Temporary,3,3,1,5,4,4,5,2,2,2,2
Denmark,Regional,Full-time,Permanent,5,5,1,4,2,1,26,3,3,3,3
Denmark,Regional,Full-time,Permanent,4,4,2,3,2,3,5,4,3,3,3
UK,National,Full-time,Permanent,3,2,2,4,2,4,3,3,2,2,2
Denmark,National,Full-time,NA,2,2,1,4,5,4,19,2,3,2,2
Denmark,Regional,Full-time,Permanent,4,5,1,1,2,3,10,2,3,2,3
Germany,Local,Full-time,Permanent,4,5,2,2,1,2,22,4,4,3,3
Denmark,National,Full-time,Permanent,4,4,1,3,1,1,23,4,3,2,3
Denmark,Regional,Full-time,Permanent,4,5,2,4,2,2,10,2,2,2,2
Austria,National,Part-time,Permanent,4,4,1,4,3,2,24,2,3,2,2
Denmark,National,Freelancer,NA,2,3,1,2,1,3,4,1,1,1,1
Denmark,Regional,Full-time,Permanent,4,4,1,2,2,4,25,3,3,1,2
Denmark,National,Full-time,Permanent,4,3,3,2,2,4,32,3,2,2,2
Germany,Regional,Full-time,Permanent,5,5,1,5,5,4,25,4,4,3,3
Austria,National,Full-time,Permanent,4,4,1,1,1,1,25,3,3,3,3
Switzerland,National,Full-time,Permanent,5,5,1,4,2,3,29,3,3,2,2
Switzerland,National,Full-time,Permanent,4,5,1,2,2,3,14,4,4,3,3
Austria,National,Full-time,Permanent,5,5,1,1,1,2,25,2,2,2,2
Austria,National,Full-time,Permanent,4,5,1,2,1,1,35,4,4,3,2
Denmark,National,Freelancer,NA,1,3,1,1,1,1,20,4,3,3,3
Denmark,National,Full-time,Permanent,5,5,2,5,4,2,5,3,2,2,2
Germany,Regional,Full-time,Permanent,4,5,2,4,2,2,5,3,3,4,3
Denmark,National,Full-time,Permanent,5,5,5,1,1,1,27,3,3,2,3
Switzerland,Regional,Full-time,Permanent,4,5,1,2,2,1,1,4,4,2,3
Switzerland,Local,Freelancer,NA,3,4,1,1,1,1,19,2,3,2,2
Denmark,Local,Full-time,Permanent,4,3,2,5,5,5,7,2,1,1,1
Switzerland,National,Part-time,Permanent,4,4,3,3,3,2,18,3,3,2,2
UK,Transnational,Full-time,Permanent,4,4,2,5,3,3,2,2,2,2,2
Switzerland,National,Part-time,Permanent,2,1,2,3,2,3,2,4,4,3,3
Austria,Regional,Full-time,Permanent,5,4,1,2,1,1,22,2,3,2,3
Germany,Regional,Full-time,Temporary,4,4,1,5,1,1,27,5,4,3,3
UK,Transnational,Full-time,Permanent,4,4,1,4,2,2,16,4,4,3,3
Germany,Local,Full-time,Permanent,3,5,1,2,1,2,18,4,4,4,4
Austria,Regional,Full-time,Permanent,4,4,1,2,2,2,6,2,2,2,2
Denmark,National,Full-time,Permanent,4,4,3,5,4,5,44,2,1,2,1
Austria,National,Full-time,Permanent,4,5,1,5,1,1,18,2,2,1,2
Germany,Local,Full-time,Permanent,5,5,1,2,1,3,40,3,4,3,3
Denmark,National,Full-time,Permanent,3,4,4,2,2,4,4,1,1,1,1
Denmark,National,Freelancer,NA,4,4,2,2,2,4,15,3,4,3,3
Switzerland,National,Part-time,Permanent,3,3,1,4,2,3,2,4,4,3,3
Germany,Local,Full-time,Temporary,4,5,1,5,1,1,3,5,5,3,3
Switzerland,Local,Full-time,Permanent,4,4,1,4,2,2,5,3,4,2,2
Germany,Local,Full-time,Permanent,4,5,3,3,2,3,35,3,3,3,3
Denmark,National,Full-time,Permanent,5,4,4,5,5,5,3,2,3,2,2
Austria,National,Full-time,Permanent,5,5,1,2,2,1,25,3,3,2,3
Germany,Local,Full-time,Permanent,4,4,2,2,2,1,25,3,3,3,3
Denmark,Regional,Full-time,Permanent,5,5,5,1,1,1,32,4,2,2,2
Switzerland,Regional,Full-time,Permanent,5,5,1,1,4,1,35,2,3,2,2
Switzerland,Local,Full-time,Permanent,4,4,2,2,3,2,15,4,4,3,3
UK,Transnational,Full-time,Permanent,5,5,1,4,2,3,23,2,2,2,2
Denmark,National,Freelancer,NA,1,1,1,4,4,2,21,4,2,2,3
Austria,National,Full-time,Permanent,4,4,1,4,5,2,5,2,2,2,2
UK,National,Freelancer,NA,3,5,1,5,3,3,20,3,3,3,3
Switzerland,Regional,Full-time,Permanent,4,4,4,5,4,1,23,3,3,2,2
Denmark,National,Full-time,Permanent,4,4,4,4,3,4,4,3,2,3,3
Germany,Local,Full-time,Permanent,3,5,2,4,4,3,25,5,4,3,3
Switzerland,Regional,Full-time,Permanent,4,4,2,4,2,3,25,4,4,2,3
Denmark,National,Full-time,NA,4,4,4,2,4,4,30,2,2,3,2
UK,Transnational,Full-time,Permanent,5,5,1,5,3,3,36,4,3,2,2
Switzerland,Local,Part-time,Permanent,4,4,2,5,2,2,7,4,5,3,3
Austria,Regional,Full-time,Permanent,4,4,1,3,3,2,6,1,1,1,1
Denmark,National,Freelancer,NA,3,4,4,2,4,4,27,4,3,3,3
Denmark,Regional,Part-time,Permanent,3,4,1,3,3,4,16,2,2,1,1
UK,Transnational,Full-time,Permanent,5,5,1,2,4,2,15,4,3,3,3
Denmark,National,Full-time,Permanent,5,5,1,4,4,4,22,3,3,2,2
Austria,Regional,Full-time,Permanent,4,5,1,2,1,2,20,3,2,2,3
Austria,Regional,Full-time,Permanent,4,4,1,4,2,2,5,4,2,2,3
Switzerland,Regional,Part-time,Permanent,3,3,3,3,2,3,14,3,2,3,3
Denmark,Regional,Full-time,Permanent,4,4,1,2,1,2,15,3,4,2,2
Denmark,National,Full-time,Permanent,4,4,3,5,4,3,22,2,1,1,1
Denmark,Transnational,Freelancer,NA,5,4,1,3,5,5,10,1,1,1,1
Germany,National,Full-time,Permanent,3,4,2,3,2,2,4,4,3,2,2
Denmark,Regional,Full-time,Permanent,5,5,5,5,5,5,6,3,3,3,3
Denmark,Regional,Full-time,Permanent,4,4,2,5,4,5,43,3,3,1,2
Switzerland,Transnational,Full-time,Permanent,4,4,1,3,4,1,30,3,3,3,3
Austria,Regional,Full-time,Permanent,4,5,1,3,2,2,45,2,1,1,2
Denmark,National,Full-time,Permanent,3,3,2,2,2,5,12,3,1,1,1
Switzerland,Regional,Part-time,Permanent,4,5,1,5,2,3,4,4,4,3,3
Switzerland,National,Full-time,Permanent,3,4,1,3,2,3,6,3,3,3,3
Austria,National,Full-time,Permanent,3,4,1,2,2,1,19,2,2,2,2
Switzerland,Local,Full-time,Permanent,4,4,1,4,4,2,24,4,4,3,4
Denmark,National,Full-time,Permanent,3,2,2,2,2,4,8,3,2,4,3
Denmark,Regional,Full-time,Temporary,3,3,2,3,3,4,8,3,3,3,3
Austria,Regional,Full-time,Permanent,4,5,1,4,2,2,3,4,4,3,3
Switzerland,National,Full-time,Permanent,5,5,1,2,2,2,29,3,3,3,3
Denmark,National,Freelancer,NA,4,5,2,2,4,4,22,2,2,2,2
Austria,National,Full-time,Permanent,4,4,1,2,3,3,20,4,4,3,3
Denmark,Regional,Full-time,Permanent,4,5,2,2,1,4,23,3,3,2,2
Switzerland,Regional,Part-time,Permanent,4,3,2,3,2,1,3,3,3,3,3
Germany,Local,Full-time,Permanent,5,5,1,3,3,4,15,4,3,2,2
Austria,National,Full-time,Permanent,5,5,2,3,1,4,19,2,3,2,2
Switzerland,National,Part-time,NA,4,3,2,2,1,2,20,3,3,3,2
Germany,Regional,Full-time,Permanent,5,5,1,3,3,1,31,3,3,2,2
Denmark,Regional,Full-time,Permanent,5,5,2,2,3,4,25,4,3,2,3
Denmark,National,Full-time,Permanent,3,3,2,2,4,4,3,2,1,1,1
UK,Regional,Part-time,Permanent,3,3,1,5,4,3,20,3,3,3,3
Germany,Regional,Full-time,Permanent,4,5,1,4,2,1,36,5,4,3,3
Germany,Regional,Full-time,Permanent,4,4,3,4,2,1,20,1,2,1,1
Switzerland,Local,Full-time,Permanent,4,4,2,2,1,2,12,3,3,2,3
Denmark,Regional,Full-time,Permanent,5,5,2,5,4,4,24,4,3,3,3
Austria,National,Part-time,Permanent,3,4,1,4,4,3,25,4,4,3,3
Germany,National,Full-time,Permanent,4,5,1,2,4,2,40,4,4,3,3
Denmark,Regional,Full-time,Temporary,4,4,4,4,4,3,3,4,3,3,3
Germany,Local,Freelancer,NA,4,4,1,4,4,3,5,4,4,3,3
Denmark,National,Full-time,Permanent,4,4,1,3,2,1,22,2,2,2,2
Denmark,Regional,Full-time,Permanent,4,4,1,4,5,4,10,2,2,2,3
UK,Transnational,Full-time,Permanent,4,4,2,4,4,4,14,3,3,3,3
UK,Transnational,Full-time,Permanent,2,3,1,4,1,4,3,1,1,1,1
Switzerland,National,Full-time,Permanent,4,4,3,4,3,2,36,3,2,2,2
Denmark,National,Part-time,Permanent,5,5,1,5,2,5,42,3,3,2,2
Denmark,National,Full-time,Permanent,5,4,2,2,2,4,29,3,3,2,2
Germany,Regional,Full-time,Permanent,5,5,2,4,1,2,35,3,3,3,3
Denmark,Regional,Full-time,Permanent,4,4,1,1,1,1,40,5,3,2,3
Switzerland,Regional,Full-time,Permanent,5,4,2,5,5,3,2,2,2,2,2
Austria,National,Full-time,Permanent,5,4,1,3,2,1,9,4,4,3,3
Switzerland,Regional,Full-time,Permanent,4,4,1,4,2,2,7,4,4,3,3
Switzerland,Local,Full-time,Permanent,4,4,2,4,2,4,2,3,3,3,3
Switzerland,Local,Full-time,Permanent,4,4,3,5,3,5,2,3,4,2,2
Switzerland,Regional,Part-time,Permanent,4,4,1,4,2,4,5,4,4,2,3
Germany,National,Full-time,Permanent,3,2,1,2,1,2,8,3,2,2,2
Switzerland,National,Full-time,Permanent,4,4,1,4,3,4,30,2,3,2,2
Denmark,National,Full-time,Permanent,4,3,1,1,5,1,35,3,3,3,3
UK,National,Full-time,Permanent,4,4,1,2,4,4,26,3,3,3,3
Austria,National,Full-time,Permanent,4,4,1,2,2,2,25,4,4,3,3
Germany,Local,Freelancer,NA,2,2,1,4,3,1,15,3,3,3,3
Denmark,National,Freelancer,NA,4,3,1,2,2,4,15,5,4,2,3
Switzerland,National,Full-time,Temporary,3,5,1,3,2,1,3,2,2,3,3
UK,Local,Full-time,Permanent,5,5,2,4,4,2,20,3,3,3,3
Germany,Regional,Full-time,Permanent,3,3,2,2,1,2,15,4,3,2,2
Germany,Local,Full-time,Permanent,5,4,2,5,3,4,17,4,3,3,2
Austria,Regional,Full-time,Permanent,4,4,1,1,1,1,16,3,3,3,3
Denmark,National,Freelancer,NA,4,4,1,1,1,3,10,3,3,3,3
Switzerland,Regional,Freelancer,NA,4,3,2,2,2,2,12,3,3,2,3
Switzerland,Regional,Part-time,Permanent,4,4,2,2,2,1,13,3,2,3,3
Germany,National,Freelancer,NA,4,5,1,2,2,1,31,4,4,4,3
Germany,National,Full-time,Permanent,5,5,2,2,1,3,10,4,3,4,4
UK,National,Freelancer,NA,NA,4,2,4,4,5,8,3,3,3,3
Denmark,Local,Freelancer,NA,5,4,3,4,3,4,40,2,2,2,2
Switzerland,Regional,Full-time,Permanent,4,4,1,3,1,2,15,5,5,3,3
Denmark,Regional,Full-time,Temporary,4,4,1,2,2,3,4,2,2,2,2
Denmark,National,Full-time,Permanent,2,3,1,2,4,3,10,4,3,3,3
Switzerland,Regional,Full-time,Permanent,4,5,2,4,2,4,18,4,4,3,3
Germany,Regional,Full-time,Permanent,3,4,1,2,2,1,6,4,4,3,3
Denmark,National,Full-time,Permanent,4,4,2,4,4,4,34,4,3,3,3
Denmark,National,Freelancer,NA,4,4,1,1,2,4,39,2,2,1,1
Austria,National,Full-time,Permanent,5,5,2,2,4,1,11,1,3,2,1
UK,Transnational,Full-time,Permanent,4,5,1,1,1,3,28,3,2,2,2
Denmark,Local,Freelancer,NA,1,4,1,2,4,1,30,3,3,3,2
Denmark,National,Full-time,Permanent,4,4,4,3,3,4,17,3,3,3,3
Switzerland,National,Part-time,Permanent,4,4,1,3,2,2,15,4,4,3,4
Denmark,Regional,Full-time,Permanent,3,3,2,4,4,2,38,3,2,2,2
Austria,Regional,Full-time,Permanent,4,4,1,3,1,2,16,4,3,3,4
Switzerland,National,Full-time,Permanent,5,5,1,2,2,3,13,2,3,1,1
Denmark,National,Freelancer,NA,4,4,4,4,4,4,24,3,3,3,2
Denmark,National,Freelancer,NA,4,4,3,4,4,4,10,3,2,1,2
Switzerland,National,Part-time,Permanent,3,4,1,1,2,1,30,4,4,2,2
Germany,Local,Full-time,Permanent,5,5,1,4,3,3,22,3,3,3,3
Denmark,National,Full-time,Permanent,5,5,2,5,2,5,12,2,3,2,2
Germany,Regional,Full-time,Permanent,3,3,1,4,2,1,10,4,4,4,4
Denmark,National,Freelancer,NA,4,4,1,2,2,4,11,3,2,1,2
Denmark,National,Full-time,Permanent,2,2,1,4,4,4,25,3,3,3,2
Denmark,National,Full-time,Permanent,5,4,3,1,1,1,27,3,1,1,3
Switzerland,Regional,Full-time,Permanent,4,4,1,2,1,2,5,3,3,3,1
Denmark,National,Full-time,Permanent,3,4,5,5,4,4,5,2,2,3,3
Switzerland,National,Full-time,Permanent,4,4,2,4,3,3,10,2,2,2,2
Denmark,Regional,Full-time,Permanent,4,4,2,1,1,1,27,4,2,3,3
UK,Transnational,Full-time,Permanent,4,3,1,4,1,3,20,4,4,4,4
Austria,National,Part-time,Permanent,4,5,1,2,2,2,20,2,2,2,2
UK,Regional,Freelancer,NA,5,5,2,4,4,4,4,2,1,2,2
Denmark,Regional,Full-time,Permanent,3,4,4,5,4,5,2,4,4,3,4
UK,Transnational,Full-time,Permanent,1,3,1,4,2,2,34,2,2,2,2
Switzerland,Local,Full-time,Permanent,4,4,1,4,2,2,13,3,4,3,3
Germany,National,Full-time,Permanent,4,4,1,1,1,3,8,4,3,3,3
Denmark,National,Full-time,Permanent,3,3,2,2,2,2,30,4,3,3,3
UK,Transnational,Freelancer,NA,4,4,2,5,4,4,10,4,4,4,3
Austria,National,Full-time,Permanent,3,3,2,3,1,2,7,4,4,2,3
UK,National,Full-time,Permanent,4,5,1,4,4,4,26,2,2,2,2
Denmark,National,Full-time,Permanent,4,5,4,4,3,4,20,2,2,3,2
Austria,National,Full-time,Permanent,5,5,1,4,4,1,11,4,3,2,2
Germany,Regional,Full-time,Permanent,4,4,1,2,2,2,39,3,3,3,3
Denmark,National,Full-time,Permanent,3,4,3,3,3,4,12,3,3,2,3
Denmark,National,Full-time,Permanent,4,4,1,2,2,3,11,3,3,3,3
Austria,National,Full-time,Permanent,4,4,1,2,1,2,28,4,3,3,3
Switzerland,Regional,Full-time,Permanent,2,2,2,3,3,5,25,3,3,2,2
Austria,National,Full-time,Permanent,3,3,1,2,2,2,18,2,2,2,2
UK,Local,Full-time,Permanent,5,5,2,4,2,4,2,3,3,3,4
Denmark,National,Full-time,Temporary,3,4,2,4,2,4,5,3,3,3,2
Denmark,National,Full-time,Permanent,3,1,2,4,4,4,27,3,2,2,2
UK,Transnational,Full-time,Permanent,4,4,1,4,3,2,5,2,1,3,3
Denmark,National,Full-time,Permanent,4,4,1,2,2,1,12,3,2,2,3
Denmark,Local,Freelancer,NA,3,5,1,1,4,1,28,2,2,2,1
Austria,Regional,Full-time,Permanent,4,4,1,3,1,2,9,2,2,1,1
Switzerland,Regional,Full-time,Permanent,4,5,2,3,3,1,12,3,4,1,3
Denmark,National,Full-time,Permanent,4,4,2,4,2,3,1,3,3,3,2
Austria,National,Full-time,Permanent,4,4,1,1,2,1,20,3,3,2,2
Germany,Local,Full-time,Permanent,4,4,2,3,3,3,5,2,2,2,2
Switzerland,Regional,Part-time,Permanent,5,5,1,5,1,1,3,4,4,3,3
Denmark,National,Full-time,Temporary,2,2,3,3,3,3,10,2,2,2,2
Denmark,Regional,Full-time,Permanent,3,4,2,4,3,4,30,2,2,2,2
Switzerland,National,Part-time,Permanent,4,5,1,5,2,2,24,3,3,3,3
Denmark,Regional,Full-time,Permanent,5,5,2,4,4,4,21,3,3,3,3
Austria,Local,Freelancer,NA,4,4,3,4,2,4,29,2,2,1,2
UK,National,Full-time,Permanent,4,5,1,4,4,4,31,3,3,3,3
Switzerland,National,Part-time,Permanent,4,4,2,3,2,2,25,3,3,2,3
Switzerland,Local,Part-time,Temporary,4,4,2,2,2,2,25,3,3,2,2
Denmark,National,Freelancer,NA,5,4,1,4,5,3,17,4,3,3,3
UK,Transnational,Full-time,Permanent,5,5,1,1,1,1,22,3,2,1,3
Germany,Regional,Freelancer,NA,4,5,1,3,2,2,20,3,3,3,3
Germany,National,Full-time,Permanent,4,5,2,3,2,1,25,5,4,2,4
Austria,Local,Freelancer,NA,3,3,1,1,1,1,20,4,3,2,1
Denmark,National,Full-time,Permanent,4,4,3,3,3,3,8,3,2,2,2
Denmark,National,Full-time,Permanent,3,4,1,4,4,3,19,3,4,3,3
Germany,Regional,Full-time,Temporary,3,4,3,5,3,2,1,3,3,2,2
UK,Local,Full-time,Permanent,5,5,1,1,1,1,27,4,3,3,3
UK,Transnational,Full-time,Permanent,5,5,2,5,4,4,12,4,4,2,2
Austria,National,Full-time,Permanent,4,4,1,3,4,2,10,3,4,3,3
Switzerland,Regional,Full-time,Temporary,4,5,2,5,2,2,8,3,3,3,3
UK,Local,Full-time,Permanent,4,4,1,5,2,1,29,2,1,2,3
Austria,National,Freelancer,NA,4,2,1,4,3,3,3,4,4,3,3
Austria,Regional,Full-time,Permanent,5,4,1,5,2,1,40,4,3,3,3
UK,National,Full-time,Permanent,4,4,1,4,2,3,18,3,3,2,3
Switzerland,National,Full-time,Permanent,4,5,1,5,3,3,10,4,4,2,2
Switzerland,National,Part-time,Permanent,4,4,1,1,1,1,5,3,4,3,3
Germany,National,Full-time,Permanent,4,4,3,4,2,5,16,3,3,2,3
Austria,National,Full-time,Permanent,4,4,1,5,2,2,15,4,3,2,2
UK,Transnational,Part-time,Permanent,4,4,1,1,1,1,9,4,4,3,3
Austria,Local,Full-time,Permanent,3,3,1,4,4,1,23,2,2,2,2
Switzerland,National,Full-time,Permanent,3,4,1,1,2,1,5,4,4,3,3
Germany,Local,Full-time,Permanent,3,4,1,4,3,1,20,3,3,3,2
Denmark,National,Full-time,Permanent,5,5,1,1,1,3,25,3,3,3,3
Switzerland,Regional,Full-time,Permanent,4,4,2,4,1,2,9,3,4,3,2
UK,Transnational,Full-time,Permanent,4,5,2,4,2,3,11,3,3,3,3
Germany,National,Full-time,Permanent,3,4,2,5,3,2,19,4,3,2,3
UK,Transnational,Full-time,Permanent,5,5,1,4,4,2,25,2,2,2,2
UK,National,Full-time,Permanent,4,4,1,4,4,3,24,2,2,1,2
Austria,National,Freelancer,NA,5,4,1,3,2,1,22,3,2,2,2
Austria,National,Full-time,Permanent,5,5,1,1,1,1,20,3,3,2,2
UK,Transnational,Full-time,Permanent,4,3,1,2,1,4,2,3,3,3,2
Denmark,Regional,Full-time,Permanent,4,4,2,2,2,2,21,3,3,2,2
Switzerland,National,Part-time,Permanent,4,4,2,2,2,1,33,3,3,2,3
UK,National,Full-time,Permanent,3,3,1,5,3,3,10,3,3,3,3
Denmark,National,Full-time,Permanent,4,NA,1,2,3,1,44,3,2,2,2
UK,Local,Part-time,Permanent,4,5,4,5,4,3,4,3,2,2,3
Germany,Regional,Full-time,Permanent,5,5,1,2,1,4,35,3,3,3,3
Denmark,National,Freelancer,NA,3,4,1,1,1,1,29,3,3,3,3
Austria,Regional,Full-time,Permanent,4,4,1,1,2,2,6,3,3,2,3
Denmark,National,Full-time,Permanent,4,4,2,1,1,2,11,3,3,3,3
Austria,Regional,Full-time,Permanent,4,4,1,2,2,2,NA,3,3,3,3
Denmark,National,Freelancer,NA,4,4,2,3,4,4,40,4,3,3,3
Denmark,National,Full-time,NA,4,5,3,2,2,2,38,3,3,3,3
UK,Transnational,Full-time,Permanent,5,4,1,1,1,1,21,3,3,3,3
Austria,National,Full-time,Permanent,3,4,2,5,3,4,20,3,3,1,2
Denmark,National,Full-time,NA,2,2,5,1,2,1,19,3,4,2,2
Austria,National,Full-time,Permanent,4,5,1,2,1,1,34,4,4,3,3
Switzerland,Local,Full-time,Permanent,5,5,3,4,2,2,20,3,3,2,3
Germany,Regional,Full-time,Permanent,4,5,1,3,1,1,25,4,3,4,4
Denmark,Regional,Full-time,Permanent,4,4,2,2,2,4,23,4,3,2,3
UK,Regional,Full-time,NA,3,4,2,4,4,3,NA,3,3,3,3
Germany,Regional,Full-time,Permanent,4,5,2,4,2,3,16,3,3,2,2
Germany,Regional,Full-time,Permanent,3,4,3,4,3,2,1,3,4,3,3
Denmark,National,Freelancer,NA,4,4,2,4,4,4,7,2,3,2,3
Germany,Local,Full-time,Permanent,5,5,1,4,2,3,34,3,2,2,3
Austria,National,Full-time,Permanent,4,5,1,3,1,2,26,2,2,2,2
Switzerland,Regional,Full-time,Permanent,5,5,1,1,1,1,25,3,3,3,3
Austria,National,Full-time,Permanent,3,3,1,5,2,3,10,2,2,2,2
Denmark,National,Full-time,Permanent,3,4,1,3,5,4,22,3,3,3,3
Denmark,National,Full-time,NA,4,3,1,1,2,1,35,3,3,2,2
Denmark,National,Full-time,Permanent,4,4,1,1,1,1,21,2,3,2,2
Germany,Regional,Full-time,Permanent,5,5,2,2,2,2,35,3,3,3,3
Switzerland,Regional,Full-time,Permanent,4,4,1,3,2,2,18,3,4,3,3
Denmark,National,Full-time,Permanent,5,4,1,5,1,3,35,2,3,2,2
UK,National,Freelancer,NA,5,4,1,3,5,5,30,4,4,4,4
Switzerland,Regional,Full-time,Permanent,4,4,1,4,4,2,4,4,4,3,3
Austria,National,Full-time,Permanent,4,4,1,3,3,1,7,3,3,3,3
Denmark,National,Freelancer,NA,5,4,3,4,3,4,10,1,1,1,1
Denmark,Regional,Full-time,NA,4,4,3,3,2,3,8,4,3,3,3
Denmark,National,Full-time,Permanent,2,3,1,4,1,4,13,4,4,3,3
